AQS Code,CAMS,TCEQ Region,Reg#,Site Name,Latitude,Longitude,Timezone,Params,Activation Date,Deactivation Date
483410001,,AMARILLO,1,Dumas Junior High School,35.860278,-101.963611,CENTRAL,,01-Jan-1975,31-Dec-1976
480650007,79,AMARILLO,1,Pantex 7,35.382749,-101.5608419,CENTRAL,7,12-Jul-1999,
483750002,,AMARILLO,1,City-County Health Unit,35.212778,-101.860833,CENTRAL,,01-Jan-1969,21-Apr-1988
483750024,,AMARILLO,1,Amarillo SH 136,35.2802728,-101.7156402,CENTRAL,3,25-Apr-2010,
483750320,320,AMARILLO,1,Amarillo A&amp;M,35.2015922,-101.9092746,CENTRAL,1,12-Apr-2005,
480651001,,AMARILLO,1,Superfund Site,35.1825,-101.621944,CENTRAL,,09-Sep-1992,26-Jun-1995
483751025,1025,AMARILLO,1,Amarillo 24th Avenue,35.236736,-101.787405,CENTRAL,8,16-Oct-2013,
480650004,104,AMARILLO,1,Pantex 4,35.3359717,-101.587083,CENTRAL,108,29-Jan-2004,
483750005,305,AMARILLO,1,AMARILLO DOWNTOWN,35.209444,-101.831944,CENTRAL,,12-Jul-1996,11-Apr-2005
483751077,1077,AMARILLO,1,Amarillo Xcel El Rancho,35.3165,-101.7418,CENTRAL,8,16-Dec-2016,
482331073,1073,AMARILLO,1,Borger FM 1559,35.6762,-101.4401,CENTRAL,8,02-Nov-2016,
481790001,,AMARILLO,1,Robert E. Lee JH School,35.5525,-100.958333,CENTRAL,,01-Jan-1972,31-Dec-1981
483750004,,AMARILLO,1,Van Buren &amp; 4th,35.21,-101.840278,CENTRAL,,06-Sep-1990,09-Jul-1996
483750003,,AMARILLO,1,Air Terminal Fire Station,35.213333,-101.711944,CENTRAL,,01-Jan-1975,01-Jan-1977
480650005,105,AMARILLO,1,Pantex 5,35.3529795,-101.5806223,CENTRAL,210,13-Jan-2004,
483750001,,AMARILLO,1,Northwest Texas Hospital,35.214722,-101.858333,CENTRAL,,01-Jan-1961,31-Dec-1971
481890001,,LUBBOCK,2,Plainview High School,34.180833,-101.736389,CENTRAL,,01-Jan-1975,31-Dec-1981
483031028,1028,LUBBOCK,2,Lubbock 12th Street,33.58553,-101.78698,CENTRAL,7,13-Aug-2016,
483030325,325,LUBBOCK,2,Lubbock-PM25,33.5907784,-101.8504183,CENTRAL,,20-Aug-2008,17-Nov-2014
483030013,,LUBBOCK,2,East 17th Street,33.580278,-101.797222,CENTRAL,,01-Jan-1971,31-Dec-1973
483030003,,LUBBOCK,2,Lubbock 51st &amp; Wayne,33.548056,-101.917778,CENTRAL,,01-Jan-1971,31-Dec-1973
483030002,,LUBBOCK,2,Fire Station #2,33.5725,-101.866667,CENTRAL,,01-Jan-1970,27-Aug-1976
483030001,306,LUBBOCK,2,Lubbock,33.590851,-101.847594,CENTRAL,,01-Jan-1961,22-Jun-2005
483030025,,LUBBOCK,2,Wolfforth City Limits,33.510556,-102.004444,CENTRAL,,09-Feb-1994,18-May-1995
483031003,,LUBBOCK,2,Shallowater Tower,33.69,-101.991667,CENTRAL,,01-Jan-1971,31-Dec-1973
483031002,,LUBBOCK,2,Slaton City Hall,33.433333,-101.6375,CENTRAL,,01-Jan-1971,31-Dec-1973
483031001,,LUBBOCK,2,Idalou City Hall,33.6625,-101.683333,CENTRAL,,01-Jan-1971,31-Dec-1973
483030023,,LUBBOCK,2,Lubbock State School,33.619167,-101.870833,CENTRAL,,01-Jan-1977,31-Dec-1980
483030021,,LUBBOCK,2,Zenith Fire Station,33.588611,-101.808333,CENTRAL,,01-Jan-1972,01-Jul-1978
483030020,,LUBBOCK,2,Lubbock 73rd Street,33.528333,-101.856389,CENTRAL,,01-Jan-1972,01-Jul-1978
483030017,,LUBBOCK,2,Lubbock Airport,33.659444,-101.819444,CENTRAL,,01-Jan-1971,31-Dec-1973
483030015,,LUBBOCK,2,Harvard,33.611667,-101.850833,CENTRAL,,01-Jan-1971,31-Dec-1973
483030014,,LUBBOCK,2,Erskine,33.606667,-101.884722,CENTRAL,,01-Jan-1971,31-Dec-1973
483030005,,LUBBOCK,2,Lubbock 51st Street,33.548056,-101.847222,CENTRAL,,01-Jan-1971,31-Dec-1973
483030006,,LUBBOCK,2,Vanda,33.567222,-101.904167,CENTRAL,,01-Jan-1971,31-Dec-1973
483030008,,LUBBOCK,2,Globe,33.580556,-101.938889,CENTRAL,,01-Jan-1971,31-Dec-1973
483030009,,LUBBOCK,2,Frankfort,33.580556,-101.938889,CENTRAL,,01-Jan-1971,31-Dec-1973
483030010,,LUBBOCK,2,Lubbock 19th Street,33.541944,-101.866389,CENTRAL,,01-Jan-1971,31-Dec-1973
483030011,,LUBBOCK,2,Lubbock 20th Street,33.578333,-101.8675,CENTRAL,,01-Jan-1971,31-Dec-1971
483030012,,LUBBOCK,2,Lubbock 14th Street,33.582778,-101.841667,CENTRAL,,01-Jan-1971,31-Dec-1972
483030004,,LUBBOCK,2,Wolfforth Post Office,33.508056,-102.008333,CENTRAL,,01-Jan-1971,31-Dec-1973
484850002,,ABILENE,3,Third Street,33.915833,-98.505556,CENTRAL,,01-Jan-1967,30-Dec-1996
484850315,315,ABILENE,3,Wichita Falls,33.8630221,-98.5717882,CENTRAL,,14-Mar-2005,24-Feb-2014
484850652,652,ABILENE,3,WICHITA FALLS   TEXAQSII,33.870278,-98.459722,CENTRAL,,01-Aug-2005,14-Feb-2007
484415015,5015,ABILENE,3,Abilene KABI,32.411389,-99.681944,CENTRAL,13,01-Aug-2005,
484150001,,ABILENE,3,Snyder Water Purification Plant,32.706667,-100.910556,CENTRAL,,01-Jan-1976,01-Jan-1979
484851508,1508,ABILENE,3,Wichita Falls MWSU,33.849304,-98.506096,CENTRAL,92,19-Dec-2013,
480490002,,ABILENE,3,Indian Creek Road,31.679444,-98.965278,CENTRAL,,01-Jan-1978,31-Dec-1984
484410002,,ABILENE,3,Abilene State Park,32.235556,-99.8825,CENTRAL,,01-Jan-1979,01-Apr-1984
480490001,,ABILENE,3,Main &amp; Austin,31.729167,-99.016667,CENTRAL,,01-Jan-1967,30-Jun-1980
482530001,,ABILENE,3,South Swenson,32.9425,-99.799444,CENTRAL,,01-Jan-1984,10-Mar-1986
483371507,1507,ABILENE,3,Bowie Patterson Street,33.55896,-97.829658,CENTRAL,92,31-Oct-2013,
484411509,1509,ABILENE,3,Abilene North 3rd Street,32.451011,-99.729799,CENTRAL,92,18-Dec-2013,
484850001,,ABILENE,3,USEPA-484850001,33.910556,-98.495833,CENTRAL,,01-Jan-1961,31-Dec-1980
484410001,,ABILENE,3,Abilene Central Fire Station,32.4525,-99.741667,CENTRAL,,01-Jan-1961,27-Dec-1984
481131067,1067,DALLAS/FORT WORTH,4,Dallas LBJ Freeway,32.92118,-96.75355,CENTRAL,9,01-Apr-2014,
484391018,1018,DALLAS/FORT WORTH,4,Arlington UT Campus,32.726111,-97.108333,CENTRAL,57,20-Sep-2012,
481131500,1500,DALLAS/FORT WORTH,4,Lancaster Cedardale,32.630011,-96.800599,CENTRAL,92,01-Sep-2013,
483491051,1051,DALLAS/FORT WORTH,4,Corsicana Airport,32.0319335,-96.3991408,CENTRAL,15,16-Jun-2009,
481390016,"0052, 0137",DALLAS/FORT WORTH,4,Midlothian OFW,32.4820829,-97.0268987,CENTRAL,176,07-Nov-1994,
480850003,,DALLAS/FORT WORTH,4,Frisco 5th St,33.1423361,-96.8246832,CENTRAL,3,01-Jan-1984,
480850009,1010,DALLAS/FORT WORTH,4,Frisco Eubanks,33.1446618,-96.8288087,CENTRAL,10,15-Jan-1995,
480850029,,DALLAS/FORT WORTH,4,Frisco Stonebrook,33.1360249,-96.8244725,CENTRAL,3,07-Jan-2011,
480850007,,DALLAS/FORT WORTH,4,Frisco 7,33.1474141,-96.8257693,CENTRAL,4,14-Jan-1994,
481130061,,DALLAS/FORT WORTH,4,Earhart,32.7853591,-96.8765711,CENTRAL,1,01-Jan-2009,
481130018,,DALLAS/FORT WORTH,4,Morrell,32.744981,-96.7818829,CENTRAL,2,01-Jan-1969,
481130075,"0063, 0679",DALLAS/FORT WORTH,4,Dallas North #2,32.9192056,-96.8084975,CENTRAL,12,02-Nov-1998,
481211007,1007,DALLAS/FORT WORTH,4,Flower Mound Shiloh,33.0458619,-97.1300022,CENTRAL,57,27-Oct-2010,
483970001,69,DALLAS/FORT WORTH,4,Rockwall Heath,32.936523,-96.4592108,CENTRAL,8,08-Aug-2000,
481130050,312,DALLAS/FORT WORTH,4,Convention Center,32.7742622,-96.7976859,CENTRAL,15,01-Jan-1979,
481130069,"0060, 0161, 0401, 3002",DALLAS/FORT WORTH,4,Dallas Hinton,32.8200608,-96.8601165,CENTRAL,263,01-Jan-1986,
481130087,402,DALLAS/FORT WORTH,4,Dallas Redbird Airport Executive,32.6764506,-96.8720596,CENTRAL,10,01-Jan-1995,
484390075,75,DALLAS/FORT WORTH,4,Eagle Mountain Lake,32.9878908,-97.4771754,CENTRAL,61,06-Jun-2000,
484391062,1062,DALLAS/FORT WORTH,4,Kennedale Treepoint Drive,32.658889,-97.200278,CENTRAL,57,29-Jun-2012,
482511501,1501,DALLAS/FORT WORTH,4,Godley FM2331,32.481821,-97.526759,CENTRAL,57,13-Jul-2013,
484391006,310,DALLAS/FORT WORTH,4,Haws Athletic Center,32.7591432,-97.3423337,CENTRAL,8,01-Apr-2001,
482570020,,DALLAS/FORT WORTH,4,Terrell Temtex,32.731919,-96.317911,CENTRAL,3,22-Dec-2010,
484391002,13,DALLAS/FORT WORTH,4,Fort Worth Northwest,32.8058183,-97.3565675,CENTRAL,172,01-Jan-1975,
484391053,1053,DALLAS/FORT WORTH,4,Fort Worth California Parkway North,32.664722,-97.338056,CENTRAL,17,12-Mar-2015,
483491081,1081,DALLAS/FORT WORTH,4,Richland Southeast 1220 Road,31.9041,-96.352,CENTRAL,8,16-Nov-2016,
481810001,,DALLAS/FORT WORTH,4,Grayson County Health Department,33.756944,-96.535278,CENTRAL,,01-Jan-1981,26-Dec-1982
481810002,,DALLAS/FORT WORTH,4,Sherman Police Department,33.641667,-96.611111,CENTRAL,,01-Jan-1972,31-Dec-1981
481810003,,DALLAS/FORT WORTH,4,Grayson County Health Department - Houston,33.635278,-96.615278,CENTRAL,,01-Jan-1974,31-Dec-1981
481211013,1013,DALLAS/FORT WORTH,4,DISH Airfield,33.13093,-97.29765,CENTRAL,57,31-Mar-2010,
484390089,89,DALLAS/FORT WORTH,4,Fort Worth Yuma,32.700483,-97.308013,CENTRAL,,02-Jul-2010,16-Sep-2010
484390097,97,DALLAS/FORT WORTH,4,Fort Worth Berry,32.70299,-97.310001,CENTRAL,,02-Jul-2010,16-Sep-2010
484970088,88,DALLAS/FORT WORTH,4,Decatur Thompson,33.221721,-97.584445,CENTRAL,57,06-Oct-2010,
484391009,1009,DALLAS/FORT WORTH,4,Everman Johnson Park,32.621136,-97.290353,CENTRAL,57,28-Jun-2011,
482511008,1008,DALLAS/FORT WORTH,4,Johnson County Luisa,32.469701,-97.169271,CENTRAL,90,23-Nov-2010,
482511063,1063,DALLAS/FORT WORTH,4,Mansfield Flying L Lane,32.5418,-97.1175,CENTRAL,57,01-Oct-2012,
484971064,1064,DALLAS/FORT WORTH,4,Rhome Seven Hills Road,33.044028,-97.486618,CENTRAL,57,12-Nov-2012,
484392003,17,DALLAS/FORT WORTH,4,Keller,32.9224736,-97.282088,CENTRAL,96,11-Feb-1981,
484393011,61,DALLAS/FORT WORTH,4,Arlington Municipal Airport,32.6563574,-97.0885849,CENTRAL,12,17-Jan-2002,
483670081,76,DALLAS/FORT WORTH,4,Parker County,32.8687727,-97.9059308,CENTRAL,8,26-Jul-2000,
481131505,1505,DALLAS/FORT WORTH,4,Dallas Elm Fork,32.879107,-96.913552,CENTRAL,57,18-Nov-2013,
483671506,1506,DALLAS/FORT WORTH,4,Weatherford Highway 180,32.758655,-97.730285,CENTRAL,92,13-Oct-2013,
484391503,1503,DALLAS/FORT WORTH,4,Fort Worth Benbrook Lake,32.646711,-97.442658,CENTRAL,57,01-Oct-2013,
483631502,1502,DALLAS/FORT WORTH,4,Mineral Wells 23rd Street,32.818671,-98.091641,CENTRAL,85,21-Aug-2013,
480971504,1504,DALLAS/FORT WORTH,4,Gainesville Doss Street,33.63317,-97.153805,CENTRAL,92,01-Oct-2013,
484391065,1065,DALLAS/FORT WORTH,4,Fort Worth Joe B. Rushing Road,32.6724056,-97.2911778,CENTRAL,57,17-Sep-2013,
482210001,"0073, 0681",DALLAS/FORT WORTH,4,Granbury,32.4423044,-97.8035291,CENTRAL,8,09-May-2000,
481210034,"0056, 0157, 0163",DALLAS/FORT WORTH,4,Denton Airport South,33.219069,-97.1962836,CENTRAL,106,16-Feb-1998,
481211032,1032,DALLAS/FORT WORTH,4,Pilot Point,33.4106476,-96.9445903,CENTRAL,8,04-Apr-2006,
484393009,"0070, 0182",DALLAS/FORT WORTH,4,Grapevine Fairway,32.9842596,-97.0637211,CENTRAL,101,04-Aug-2000,
482510003,"0077, 0682",DALLAS/FORT WORTH,4,Cleburne Airport,32.3535945,-97.4367419,CENTRAL,8,10-May-2000,
481391044,1044,DALLAS/FORT WORTH,4,Italy,32.1754166,-96.8701892,CENTRAL,102,21-Aug-2007,
482570005,71,DALLAS/FORT WORTH,4,Kaufman,32.5649684,-96.3176873,CENTRAL,15,11-Sep-2000,
482311006,"0198, 1006",DALLAS/FORT WORTH,4,Greenville,33.1530882,-96.1155717,CENTRAL,99,20-Mar-2003,
480850005,"0031, 0680",DALLAS/FORT WORTH,4,Frisco,33.1324003,-96.7864188,CENTRAL,8,07-May-1992,
481130001,,DALLAS/FORT WORTH,4,USEPA-481130001,0,0,CENTRAL,,01-Jan-1957,31-Dec-1966
481130003,,DALLAS/FORT WORTH,4,West Commerce,32.771944,-96.836111,CENTRAL,,01-Jan-1971,30-Jun-1980
481130004,,DALLAS/FORT WORTH,4,Envoy Court,32.813889,-96.870833,CENTRAL,,01-Jan-1971,31-Dec-1971
481130005,,DALLAS/FORT WORTH,4,Chalk Hill,32.773611,-96.904167,CENTRAL,,01-Jan-1971,31-Dec-1971
481130008,,DALLAS/FORT WORTH,4,Mockingbird Lane Fire Station,32.836111,-96.836111,CENTRAL,,01-Jan-1971,31-Dec-1980
481130011,,DALLAS/FORT WORTH,4,South Akard Street,32.773611,-96.795833,CENTRAL,,01-Jan-1971,31-Dec-1971
481130012,,DALLAS/FORT WORTH,4,McKinney Avenue,32.786111,-96.805556,CENTRAL,,01-Jan-1971,31-Dec-1971
481130023,,DALLAS/FORT WORTH,4,North Hampton Fire Station,32.780556,-96.855556,CENTRAL,,01-Jan-1971,30-Jun-1980
481130027,,DALLAS/FORT WORTH,4,Prichard Fire Station,32.736111,-96.686111,CENTRAL,,01-Jan-1971,31-Dec-1975
481130028,,DALLAS/FORT WORTH,4,East Northwest Highway,32.863889,-96.702778,CENTRAL,,01-Jan-1971,31-Dec-1980
481130036,,DALLAS/FORT WORTH,4,Frank,32.772222,-96.747222,CENTRAL,,01-Jan-1971,31-Dec-1974
481130038,,DALLAS/FORT WORTH,4,John West Road Fire Station,32.806944,-96.695833,CENTRAL,,01-Jan-1971,31-Dec-1988
481130039,,DALLAS/FORT WORTH,4,Brewer,32.872222,-96.8875,CENTRAL,,01-Jan-1971,31-Dec-1981
481130040,,DALLAS/FORT WORTH,4,Cockrell Hill Fire Station,32.719444,-96.890278,CENTRAL,,01-Jan-1971,31-Dec-1980
481130042,,DALLAS/FORT WORTH,4,Belmont,32.816667,-96.75,CENTRAL,,01-Jan-1973,31-Dec-1981
481130047,,DALLAS/FORT WORTH,4,Live Oak &amp; Pearl,32.785,-96.793611,CENTRAL,,01-Jan-1977,31-Dec-1981
481130048,,DALLAS/FORT WORTH,4,Chalk Hill 2,32.773611,-96.904167,CENTRAL,,01-Jan-1977,31-Dec-1980
481130049,,DALLAS/FORT WORTH,4,Fish Trap Road,32.783611,-96.861111,CENTRAL,,01-Jan-1979,31-Dec-1988
481130051,,DALLAS/FORT WORTH,4,Pavahoe Pump Station,32.784722,-96.833333,CENTRAL,,01-Jan-1979,31-Dec-1979
481130052,,DALLAS/FORT WORTH,4,West Illinois,32.719444,-96.890833,CENTRAL,,01-Jan-1980,31-Dec-1987
481130055,,DALLAS/FORT WORTH,4,Bonnie View,32.616389,-96.756944,CENTRAL,,01-Jan-1982,01-Aug-1994
481130058,,DALLAS/FORT WORTH,4,B.T. Johnson,32.779722,-96.874444,CENTRAL,,01-Jan-1982,31-Dec-1983
481130059,,DALLAS/FORT WORTH,4,Commerce Drive,32.775556,-96.870833,CENTRAL,,01-Jan-1982,31-Dec-1986
481130060,,DALLAS/FORT WORTH,4,Pontiac &amp; Sargent,32.736111,-96.781667,CENTRAL,,01-Jan-1982,31-Dec-1990
481130063,,DALLAS/FORT WORTH,4,St. Germain,32.773889,-96.8775,CENTRAL,,01-Jan-1983,31-Dec-1986
481130064,,DALLAS/FORT WORTH,4,Sargent Road,32.737778,-96.779722,CENTRAL,,01-Jan-1983,31-Dec-1994
481130065,,DALLAS/FORT WORTH,4,Rector Street,32.7375,-96.782222,CENTRAL,,01-Jan-1983,31-Dec-1994
481130067,,DALLAS/FORT WORTH,4,Toronto Street,32.779722,-96.875556,CENTRAL,,01-Jan-1984,31-Dec-1989
481130068,,DALLAS/FORT WORTH,4,La Reunion Parkway,32.769167,-96.8775,CENTRAL,,01-Jan-1985,31-Dec-1987
481130073,,DALLAS/FORT WORTH,4,Palmer Paper Co.,32.809722,-96.869722,CENTRAL,,03-Oct-1991,31-Dec-1993
481130086,,DALLAS/FORT WORTH,4,Coit Road,32.9861,-96.761944,CENTRAL,,01-Jan-1986,31-Dec-1986
481131001,,DALLAS/FORT WORTH,4,Austin Street,32.915556,-96.638056,CENTRAL,,01-Jan-1975,30-Jun-1980
481131002,,DALLAS/FORT WORTH,4,School Administration Building,32.926667,-96.638889,CENTRAL,,01-Jan-1976,31-Dec-1984
481131003,,DALLAS/FORT WORTH,4,Globe Union Battery SW,0,0,CENTRAL,,01-Jan-1982,31-Dec-1983
481131004,,DALLAS/FORT WORTH,4,Globe Union Battery NW,32.983889,-96.665556,CENTRAL,,01-Jan-1982,01-Apr-1983
481131005,,DALLAS/FORT WORTH,4,Globe Union Battery NE,0,0,CENTRAL,,01-Jan-1982,31-Dec-1983
481131047,,DALLAS/FORT WORTH,4,Long Creek,32.773611,-96.552778,CENTRAL,,01-Jan-1979,30-Sep-1992
481132001,,DALLAS/FORT WORTH,4,Graham Street,32.758056,-96.966667,CENTRAL,,01-Jan-1973,31-Dec-1981
481132002,,DALLAS/FORT WORTH,4,West Main Street Fire Station,32.741667,-97.008333,CENTRAL,,01-Jan-1972,30-Jul-1983
481132003,,DALLAS/FORT WORTH,4,West Main,32.742222,-96.95,CENTRAL,,01-Jan-1973,31-Dec-1975
481132004,,DALLAS/FORT WORTH,4,Marshall,32.720556,-96.983333,CENTRAL,,01-Jan-1973,31-Dec-1981
481132005,,DALLAS/FORT WORTH,4,NW 13TH,32.743333,-97.02,CENTRAL,,01-Jan-1973,31-Dec-1981
481133001,,DALLAS/FORT WORTH,4,Haley Elementary School,32.856111,-96.968333,CENTRAL,,01-Jan-1975,24-Jul-1983
481133002,,DALLAS/FORT WORTH,4,Austin Junior High School,32.823333,-96.933611,CENTRAL,,01-Jan-1979,27-Dec-1984
481210001,,DALLAS/FORT WORTH,4,New City Hall,33.216667,-97.133333,CENTRAL,,01-Jan-1972,05-Aug-1983
481210002,,DALLAS/FORT WORTH,4,Denton Municipal Airport,33.186111,-97.193889,CENTRAL,,01-May-1992,31-Dec-1992
481211001,,DALLAS/FORT WORTH,4,North Mill Street,33.064444,-97.005833,CENTRAL,,01-Jan-1975,31-Dec-1981
481390001,,DALLAS/FORT WORTH,4,City Hall Roof,32.483889,-96.994444,CENTRAL,,01-Jan-1981,31-Dec-1984
481390002,,DALLAS/FORT WORTH,4,North City Limits,32.435833,-96.671389,CENTRAL,,01-Jan-1985,31-Dec-1986
481390003,,DALLAS/FORT WORTH,4,Optimist Ball Park,32.388333,-96.847222,CENTRAL,,01-Jan-1976,31-Dec-1981
481390004,,DALLAS/FORT WORTH,4,Auger Road,32.498056,-97.003056,CENTRAL,,18-Jan-1991,30-Jan-1993
481390006,,DALLAS/FORT WORTH,4,Gorman Road,32.543333,-96.926667,CENTRAL,,10-Mar-1992,30-Apr-1993
481390008,,DALLAS/FORT WORTH,4,Mt. Creek Water Supply,32.429722,-97.017778,CENTRAL,,22-Mar-1992,11-Apr-1993
481390011,,DALLAS/FORT WORTH,4,Hidden Valley Trail,32.481389,-96.941389,CENTRAL,,31-Aug-1992,20-Oct-1993
481390013,,DALLAS/FORT WORTH,4,Auger Road Water Treatment Plant,32.501389,-97.016111,CENTRAL,,18-Jan-1991,15-Oct-1994
481390082,,DALLAS/FORT WORTH,4,Ennis Airport,32.326111,-96.663611,CENTRAL,,01-Mar-1991,31-Dec-1991
481390084,,DALLAS/FORT WORTH,4,Cedar Drive,32.461389,-97.005556,CENTRAL,,01-Jan-1985,21-Oct-1994
481391002,,DALLAS/FORT WORTH,4,Water &amp; Elm,32.3875,-96.847222,CENTRAL,,01-Jan-1973,31-Dec-1981
484391001,,DALLAS/FORT WORTH,4,Trinity High School,32.841389,-97.098056,CENTRAL,,01-Jan-1975,31-Dec-1981
484391004,,DALLAS/FORT WORTH,4,University Drive 2,32.7575,-97.360556,CENTRAL,,01-Jan-1969,31-Dec-1975
484391005,,DALLAS/FORT WORTH,4,Grand Avenue,32.773333,-97.345833,CENTRAL,,01-Jan-1969,31-Dec-1971
484393001,,DALLAS/FORT WORTH,4,Hwy 121 &amp; Dam Road,32.950556,-97.055556,CENTRAL,,01-Jan-1975,31-Dec-1981
484970001,,DALLAS/FORT WORTH,4,Bridgeport Water Filtration Plant,33.219167,-97.760833,CENTRAL,,01-Jan-1975,26-Dec-1982
484970087,,DALLAS/FORT WORTH,4,Decatur Airfield,33.253333,-97.583333,CENTRAL,,06-May-1987,30-Sep-1987
484971001,,DALLAS/FORT WORTH,4,Chico High School,33.291667,-97.659722,CENTRAL,,01-Jan-1983,27-Dec-1984
484395007,5007,DALLAS/FORT WORTH,4,Arlington Airport KGKY,32.663889,-97.095833,CENTRAL,13,22-Jan-2003,
481390015,"0094, 0158, 0160",DALLAS/FORT WORTH,4,Midlothian Tower,32.436667,-97.024444,CENTRAL,,24-Oct-1994,22-Aug-2007
481131006,197,DALLAS/FORT WORTH,4,Garland,32.910556,-96.669167,CENTRAL,,17-Mar-1994,24-Mar-2003
483495014,5014,DALLAS/FORT WORTH,4,Corsicana KCRS,32.028056,-96.400556,CENTRAL,13,01-Aug-2005,
481130057,134,DALLAS/FORT WORTH,4,Boy's Club,32.7791925,-96.8732943,CENTRAL,,01-Jan-1982,29-Feb-2008
481390017,302,DALLAS/FORT WORTH,4,Midlothian Wyatt Rd,32.473611,-97.0425,CENTRAL,,20-Nov-1999,07-Apr-2006
481390012,,DALLAS/FORT WORTH,4,Chaparral Steel Company,32.462222,-97.037222,CENTRAL,,16-Jan-1993,08-Jan-1999
481390014,,DALLAS/FORT WORTH,4,Box Crow Cement Company,32.546111,-96.955278,CENTRAL,,06-Nov-1993,16-Jan-1995
481390007,,DALLAS/FORT WORTH,4,Tayman Drive Water Treatment Plant,32.531667,-96.991389,CENTRAL,,22-Mar-1992,01-Apr-1997
481210054,,DALLAS/FORT WORTH,4,Denton Colony,33.071944,-96.861389,CENTRAL,,26-Jan-1981,15-Dec-1999
481210033,33,DALLAS/FORT WORTH,4,Denton Municipal Airport on Airport Road,33.206111,-97.195278,CENTRAL,,16-Jun-1993,25-Nov-1997
481130071,,DALLAS/FORT WORTH,4,GNB Battery,32.921667,-96.916111,CENTRAL,,17-Jun-1991,30-Dec-1996
481130072,,DALLAS/FORT WORTH,4,North of Texas &amp; Houston Streets Intersection,32.588889,-96.963333,CENTRAL,,17-Jul-1991,30-Jun-1999
481130070,,DALLAS/FORT WORTH,4,New Micro,32.764722,-96.929444,CENTRAL,,01-Jan-1992,01-Nov-1996
481130053,,DALLAS/FORT WORTH,4,Dallas Ervay,32.783333,-96.797222,CENTRAL,,30-Jan-1981,01-Nov-1998
481130056,,DALLAS/FORT WORTH,4,Dallas-481130056,32.735278,-96.774167,CENTRAL,,01-Jan-1981,28-Mar-1987
481130046,,DALLAS/FORT WORTH,4,Dallas Martin Luther King,32.770278,-96.765833,CENTRAL,,01-Jan-1974,31-Dec-1999
481130044,,DALLAS/FORT WORTH,4,West Mockingbird,32.825833,-96.863889,CENTRAL,,01-Jan-1972,31-Dec-1988
481130045,5,DALLAS/FORT WORTH,4,Dallas North C5,32.919722,-96.808056,CENTRAL,,01-Jan-1973,03-Nov-1998
481130029,,DALLAS/FORT WORTH,4,N of Douglas &amp; Berkshire Intersection,32.865,-96.808611,CENTRAL,,01-Jan-1971,30-Jun-1998
481130035,,DALLAS/FORT WORTH,4,Coit,32.916667,-96.768611,CENTRAL,,01-Jan-1971,26-Dec-2008
481130020,,DALLAS/FORT WORTH,4,Lancaster,32.692222,-96.7925,CENTRAL,,01-Jan-1969,05-Jul-2002
481130002,,DALLAS/FORT WORTH,4,USEPA-481130002,32.744444,-96.873611,CENTRAL,,01-Jan-1968,31-Dec-1981
480850008,,DALLAS/FORT WORTH,4,Globe Union Battery,33.1475,-96.828889,CENTRAL,,14-Jan-1994,30-Dec-1996
480850010,68,DALLAS/FORT WORTH,4,Anna,33.355833,-96.551111,CENTRAL,,09-Nov-1999,01-Oct-2004
480850006,,DALLAS/FORT WORTH,4,Gould National Battery,33.134444,-96.825,CENTRAL,,18-May-1992,30-Dec-1996
480850001,,DALLAS/FORT WORTH,4,SE of Hickory Street &amp; 6th Street Intersection,33.145,-96.822778,CENTRAL,,01-Jan-1981,01-Jul-1999
480850002,,DALLAS/FORT WORTH,4,Gould Plant,33.138889,-96.8275,CENTRAL,,01-Jan-1984,01-Mar-1992
480850085,,DALLAS/FORT WORTH,4,Erwin City Park,33.246667,-96.656667,CENTRAL,,01-Jan-1986,31-Dec-1986
483490001,,DALLAS/FORT WORTH,4,Corsicana Library,32.091944,-96.466389,CENTRAL,,01-Jan-1981,10-Oct-1983
483670080,,DALLAS/FORT WORTH,4,Weatherford Agricultural College,32.761111,-97.831944,CENTRAL,,01-Jun-1988,31-Dec-1988
483970081,,DALLAS/FORT WORTH,4,East Fate Main Place,32.943056,-96.369444,CENTRAL,,01-Jun-1988,31-Dec-1988
484390001,,DALLAS/FORT WORTH,4,South Collin,32.703056,-97.096667,CENTRAL,,01-Jan-1972,31-Dec-1976
484390002,,DALLAS/FORT WORTH,4,Arlington City Hall Annex,32.736667,-97.115833,CENTRAL,,01-Jan-1972,31-Dec-1975
484390003,,DALLAS/FORT WORTH,4,Randol Mill Park,32.756389,-97.135833,CENTRAL,,01-Jan-1972,31-Dec-1973
484390004,,DALLAS/FORT WORTH,4,Randol Mill Park Fire Station,32.75,-97.053889,CENTRAL,,01-Jan-1972,31-Dec-1984
484390005,,DALLAS/FORT WORTH,4,Arlington Municipal Airport 1977-81,32.663889,-97.1,CENTRAL,,01-Jan-1977,31-Dec-1981
484390006,,DALLAS/FORT WORTH,4,Azle Avenue,32.803056,-97.383333,CENTRAL,,01-Jan-1969,31-Dec-1981
484390007,,DALLAS/FORT WORTH,4,Schwartz,32.798611,-97.331944,CENTRAL,,01-Jan-1969,31-Dec-1980
484390008,,DALLAS/FORT WORTH,4,Eagle,32.779722,-97.295,CENTRAL,,01-Jan-1969,31-Dec-1971
484390009,,DALLAS/FORT WORTH,4,Dean Road,32.735278,-97.412222,CENTRAL,,01-Jan-1969,31-Dec-1970
484390010,,DALLAS/FORT WORTH,4,Meadowbrook,32.745833,-97.261667,CENTRAL,,01-Jan-1969,31-Dec-1970
484390011,,DALLAS/FORT WORTH,4,Handley,32.734167,-97.218056,CENTRAL,,01-Jan-1969,31-Dec-1980
484390012,,DALLAS/FORT WORTH,4,Avenue I,32.728333,-97.275556,CENTRAL,,01-Jan-1969,31-Dec-1980
484390013,,DALLAS/FORT WORTH,4,Wilbarger,32.698611,-97.250556,CENTRAL,,01-Jan-1969,31-Dec-1971
484390014,,DALLAS/FORT WORTH,4,Witchita,32.695,-97.28,CENTRAL,,01-Jan-1969,31-Dec-1970
484390015,,DALLAS/FORT WORTH,4,Lipscomb,32.726111,-97.332778,CENTRAL,,01-Jan-1969,30-Jun-1971
484390016,,DALLAS/FORT WORTH,4,Felix,32.676389,-97.3225,CENTRAL,,01-Jan-1970,31-Dec-1978
484390017,,DALLAS/FORT WORTH,4,Hulen,32.657778,-97.395,CENTRAL,,01-Jan-1969,31-Dec-1980
484390018,,DALLAS/FORT WORTH,4,University Drive,32.738056,-97.350556,CENTRAL,,01-Jan-1971,31-Dec-1971
484390019,,DALLAS/FORT WORTH,4,Cherry Lane,32.734722,-97.455556,CENTRAL,,01-Jan-1971,30-Jun-1981
484390020,,DALLAS/FORT WORTH,4,Geddes,32.728333,-97.412778,CENTRAL,,01-Jan-1975,31-Dec-1975
484390021,,DALLAS/FORT WORTH,4,Cherry Street,32.716111,-97.335,CENTRAL,,01-Jan-1971,20-Apr-1978
484390022,,DALLAS/FORT WORTH,4,Commerce Fire Station,32.755,-97.329722,CENTRAL,,01-Jan-1972,18-Apr-1978
484390024,,DALLAS/FORT WORTH,4,Azle Fire Station,32.803333,-97.383333,CENTRAL,,01-Jan-1980,30-Dec-1987
484390025,,DALLAS/FORT WORTH,4,Cherry Lane 2,32.725,-97.452778,CENTRAL,,01-Jan-1980,13-Feb-1984
484390026,,DALLAS/FORT WORTH,4,Wesleyan Avenue,32.732778,-97.279167,CENTRAL,,30-Oct-1980,23-Dec-1987
484390061,,DALLAS/FORT WORTH,4,Schwartz Roof,32.798611,-97.331944,CENTRAL,,01-Jan-1971,08-Mar-1983
484390062,,DALLAS/FORT WORTH,4,Northeast 36th,32.736111,-97.353889,CENTRAL,,01-Jan-1983,21-Jun-1988
484390066,,DALLAS/FORT WORTH,4,Handley Church Roof,32.733889,-97.218056,CENTRAL,,01-Jan-1971,31-Dec-1980
484390067,,DALLAS/FORT WORTH,4,East Felix,32.676389,-97.3225,CENTRAL,,01-Jan-1971,31-Dec-1975
484390068,,DALLAS/FORT WORTH,4,University  at Harley,32.738056,-97.350556,CENTRAL,,01-Jan-1972,27-Jun-1988
484390069,,DALLAS/FORT WORTH,4,Cherry at Elizabeth,32.734722,-97.455556,CENTRAL,,01-Jan-1971,31-Dec-1975
484390070,,DALLAS/FORT WORTH,4,Felix at Vermont,32.675556,-97.323056,CENTRAL,,01-Jan-1978,27-Jun-1988
484393005,132,DALLAS/FORT WORTH,4,DFW AIRPORT #2,32.925833,-97.043611,CENTRAL,,15-Aug-1996,30-Jun-2000
481215008,5008,DALLAS/FORT WORTH,4,Denton Airport KDTO,33.206111,-97.198889,CENTRAL,13,22-Jan-2003,
481133003,74,DALLAS/FORT WORTH,4,Sunnyvale Long Creek,32.7693798,-96.5462988,CENTRAL,,14-Nov-2000,01-Apr-2006
481390650,650,DALLAS/FORT WORTH,4,ITALY HIGH SCHOOL,32.178333,-96.878056,CENTRAL,,01-Aug-2005,07-Nov-2006
481133004,,DALLAS/FORT WORTH,4,KEIST,32.7106,-96.8033,CENTRAL,,03-Jul-2002,09-Sep-2005
484393010,,DALLAS/FORT WORTH,4,Stage Coach,32.7392,-97.47033,CENTRAL,1,01-Jan-2002,
481130066,,DALLAS/FORT WORTH,4,NOLEN,32.739722,-96.782778,CENTRAL,,01-Jan-1983,30-Sep-2004
484393008,308,DALLAS/FORT WORTH,4,DIAMOND HILL,32.810833,-97.336944,CENTRAL,,14-Mar-2001,01-Sep-2005
484393007,,DALLAS/FORT WORTH,4,FAA #2 / #3,32.8319,-97.0661,CENTRAL,,13-Mar-2000,28-Feb-2003
484393006,,DALLAS/FORT WORTH,4,FORT WORTH LOCAL PROGRAM HQS,32.693056,-97.248611,CENTRAL,,31-Dec-1998,01-Sep-2005
484393004,,DALLAS/FORT WORTH,4,AT THE DALLAS/FORT WORTH AIRPORT,32.923611,-97.043889,CENTRAL,,12-Aug-1994,27-May-1996
484393002,,DALLAS/FORT WORTH,4,FIRE STATION AT GRAPEVINE,32.943611,-97.069722,CENTRAL,,29-Jun-1994,17-Nov-1996
484392002,,DALLAS/FORT WORTH,4,TCEQ-484392002,32.944167,-97.353333,CENTRAL,,01-Jan-1981,31-Dec-1982
484392001,,DALLAS/FORT WORTH,4,USEPA-484392001,32.750278,-97.333611,CENTRAL,,01-Jan-1958,31-Dec-1981
484391003,,DALLAS/FORT WORTH,4,FIRE DEPT DOWNTOWN,32.759722,-97.328056,CENTRAL,,01-Jan-1976,31-Dec-2001
484390063,,DALLAS/FORT WORTH,4,FORT WORTH PORTALES,32.741667,-97.468889,CENTRAL,,01-Jan-1985,07-Apr-2002
484390060,,DALLAS/FORT WORTH,4,NE OF DIAZ AVE &amp; GUILFORD RD. INTERSECTION,32.728056,-97.412778,CENTRAL,,28-Aug-1975,27-Dec-2001
484390029,,DALLAS/FORT WORTH,4,EAST OF FAA &amp; AMERICAN INTERSECTION,32.831389,-97.063889,CENTRAL,,21-Apr-1988,07-Mar-2000
484390057,57,DALLAS/FORT WORTH,4,Arlington Office,32.706944,-97.093611,CENTRAL,,19-Feb-1998,11-Jul-2001
484390023,,DALLAS/FORT WORTH,4,Worth Heights Elementary,32.695278,-97.321944,CENTRAL,,01-Jan-1982,30-Dec-1996
482570003,,DALLAS/FORT WORTH,4,South Virgina Street,32.724444,-96.276667,CENTRAL,,04-Aug-1992,30-Dec-1996
482510001,,DALLAS/FORT WORTH,4,Cleburne State Park,32.251667,-97.547778,CENTRAL,,01-Jan-1981,26-Jul-1986
482510002,,DALLAS/FORT WORTH,4,Cleburne City Service Center,32.387222,-97.403333,CENTRAL,,20-Feb-1990,31-Dec-1990
482570001,,DALLAS/FORT WORTH,4,Colquitt Road,32.760556,-96.311667,CENTRAL,,01-Mar-1991,31-Dec-1991
482570002,,DALLAS/FORT WORTH,4,Tejas Drive,32.725,-96.318889,CENTRAL,,24-May-1992,26-May-1993
481830001,"0019, 0127, 0644",TYLER,5,Longview,32.3786823,-94.7118107,CENTRAL,97,01-Jan-1977,
483150050,50,TYLER,5,CYPRESS RIVER AIRPORT,32.742778,-94.303333,CENTRAL,,22-Apr-1998,30-Jun-2001
482030002,85,TYLER,5,Karnack,32.6689873,-94.1674569,CENTRAL,202,30-Jun-2001,
480370004,,TYLER,5,Texarkana,33.4257582,-94.0708021,CENTRAL,,01-Jan-1999,25-Feb-2016
480371031,1031,TYLER,5,Texarkana New Boston,33.436111,-94.07778,CENTRAL,14,23-Mar-2016,
484491078,1078,TYLER,5,Cookville FM 4855,33.0752,-94.8474,CENTRAL,8,07-Dec-2016,
482031079,1079,TYLER,5,Hallsville Red Oak Road,32.4702,-94.4815,CENTRAL,8,06-Dec-2016,
484490001,,TYLER,5,Mount Pleasant Water Treatment Plant,33.18,-94.976944,CENTRAL,,01-Jan-1973,20-Nov-1982
480370003,,TYLER,5,Spruce Street,33.429444,-94.052778,CENTRAL,,01-Jan-1978,31-Dec-1988
483430001,,TYLER,5,Lone Star Steel Works,32.918611,-94.710278,CENTRAL,,01-Jan-1982,01-May-1983
483430002,,TYLER,5,Lone Star City Hall,32.938889,-94.713889,CENTRAL,,01-Jan-1983,27-Dec-1984
484230002,,TYLER,5,Tyler Fire Station,32.3525,-95.3,CENTRAL,,01-Jan-1969,04-Apr-1987
480370645,645,TYLER,5,WAMBA Texarkana  NTRD,33.5,-94.12,CENTRAL,,20-Jul-2005,07-Nov-2006
481830002,605,TYLER,5,Longview Big Woods C605,32.617778,-94.778889,CENTRAL,,23-Aug-2000,22-Oct-2001
482030003,612,TYLER,5,Waskom C612,32.421111,-94.063889,CENTRAL,,21-May-2002,21-Oct-2003
483650627,627,TYLER,5,Panola C627,32.355556,-94.051667,CENTRAL,,05-Jul-2004,30-Oct-2006
480010647,647,TYLER,5,Palestine C647,31.779444,-95.705833,CENTRAL,,26-Jul-2005,25-Oct-2006
483870648,"0648, 0668",TYLER,5,Clarksville NTRD C648,33.619722,-95.06,CENTRAL,,26-Jul-2005,15-Dec-2006
480370001,,TYLER,5,USEPA-480370001,33.436944,-94.078611,CENTRAL,,01-Jan-1964,31-Dec-1980
484230006,,TYLER,5,Teague,32.338611,-95.265556,CENTRAL,,01-Aug-1996,30-Dec-1996
484230005,133,TYLER,5,WINONA ELEMENTARY SCHOOL,32.492222,-95.183333,CENTRAL,,20-Jun-1994,19-Mar-1997
484230004,86,TYLER,5,at Tyler Airport,32.358056,-95.409722,CENTRAL,,04-Nov-1997,18-May-2000
484230003,,TYLER,5,South Vine Street,32.351389,-95.326389,CENTRAL,,05-Apr-1990,27-Jul-1996
484230001,,TYLER,5,USEPA-484230001,32.355833,-95.3075,CENTRAL,,01-Jan-1963,31-Dec-1969
484230007,82,TYLER,5,Tyler Airport Relocated,32.3440079,-95.4157515,CENTRAL,13,25-May-2000,
480430101,"0067, 0316, 0656, 0691",EL PASO,6,Bravo Big Bend,29.3025518,-103.1779076,CENTRAL,14,01-Oct-1990,
482430003,,EL PASO,6,McDonald Observatory 1976-81,30.666667,-104.008333,CENTRAL,,01-Jan-1976,31-Dec-1981
481410693,693,EL PASO,6,Van Buren,31.81337,-106.46452,MOUNTAIN,9,05-Jul-2010,
481411011,1011,EL PASO,6,El Paso Delta,31.758476,-106.407346,MOUNTAIN,,05-Aug-2011,13-Aug-2013
482430004,317,EL PASO,6,McDonald Observatory,30.6693621,-104.0246568,CENTRAL,,18-Mar-2002,07-Aug-2011
481410033,,EL PASO,6,Kern,31.7772059,-106.5017115,MOUNTAIN,,01-Jan-1979,22-May-2012
481410029,414,EL PASO,6,Ivanhoe,31.7857687,-106.3235781,MOUNTAIN,9,01-Jan-1979,
481410059,,EL PASO,6,Clendenin School,31.8146081,-106.464186,MOUNTAIN,,13-Apr-2001,31-Jul-2010
481410002,413,EL PASO,6,Tillman,31.7576535,-106.4829215,MOUNTAIN,,01-Jan-1969,21-May-2013
481410007,,EL PASO,6,Coranado Fire Station,31.832222,-106.533333,MOUNTAIN,,01-Jan-1971,29-Dec-1986
481410008,,EL PASO,6,Koger Building,31.794444,-106.513889,MOUNTAIN,,01-Jan-1971,31-Dec-1975
481410011,,EL PASO,6,Convair Road,31.798611,-106.4,MOUNTAIN,,01-Jan-1971,30-Oct-1993
481410012,,EL PASO,6,McCrae,31.791667,-106.354167,MOUNTAIN,,01-Jan-1971,31-Dec-1974
481410013,,EL PASO,6,El Paso Natural Gas,31.808333,-106.236111,MOUNTAIN,,01-Jan-1972,31-Dec-1975
481410015,,EL PASO,6,San Jose Road,31.738889,-106.361111,MOUNTAIN,,01-Jan-1972,27-Jun-1988
481410016,,EL PASO,6,Trowbridge at Marlow,31.773333,-106.407778,MOUNTAIN,,01-Jan-1981,31-Dec-1988
481410017,,EL PASO,6,Delta Fire Station,31.759722,-106.411111,MOUNTAIN,,01-Jan-1971,31-Dec-1974
481410018,,EL PASO,6,Shelter Place,31.766667,-106.438889,MOUNTAIN,,01-Jan-1971,30-Jun-1988
481410019,,EL PASO,6,Pershing,31.7875,-106.454167,MOUNTAIN,,01-Jan-1971,31-Dec-1988
481410020,,EL PASO,6,Hercules Fire Station,31.855556,-106.446111,MOUNTAIN,,01-Jan-1971,31-Dec-1974
481410021,,EL PASO,6,Thomas Manor Elementary School,31.726944,-106.370833,MOUNTAIN,,01-Jan-1972,31-Dec-1981
481410022,,EL PASO,6,International Boundary,31.783333,-106.525,MOUNTAIN,,01-Jun-1972,31-Dec-1981
481410023,,EL PASO,6,Kern Fire Station,31.743889,-106.503611,MOUNTAIN,,01-Jan-1971,31-Dec-1981
481410024,,EL PASO,6,San Diego,31.7875,-106.470833,MOUNTAIN,,01-Jan-1972,31-Dec-1986
481410025,,EL PASO,6,Zack White School,31.844167,-106.591667,MOUNTAIN,,01-Jan-1973,27-Jun-1988
481410030,,EL PASO,6,Socorro Road,31.678611,-106.315278,MOUNTAIN,,01-Jan-1979,30-Jun-1988
481410031,,EL PASO,6,Paisano-Irrigation Gate Lock,31.783333,-106.523056,MOUNTAIN,,01-Jan-1979,27-Jun-1988
481410036,,EL PASO,6,Mulberry Avenue,31.853056,-106.5925,MOUNTAIN,,01-Jan-1981,30-Jun-1988
481410039,,EL PASO,6,Teresita Church,31.807778,-106.547222,MOUNTAIN,,01-Jan-1983,31-Dec-1988
481410040,,EL PASO,6,Althea Park,31.785,-106.501111,MOUNTAIN,,01-Jan-1983,27-Jun-1988
481410042,,EL PASO,6,Krupp Drive,31.794722,-106.5075,MOUNTAIN,,01-Jan-1983,27-Jun-1988
481410101,,EL PASO,6,Smeltertown,0,0,CENTRAL,,01-Jan-1978,31-Dec-1978
481410102,,EL PASO,6,Phelps Dodge,0,0,CENTRAL,,01-Jan-1978,31-Dec-1978
481411002,,EL PASO,6,Canutillo,31.882222,-106.582778,MOUNTAIN,,01-Jan-1972,31-Dec-1975
481411021,1021,EL PASO,6,Ojo De Agua,31.86247,-106.5473,MOUNTAIN,10,15-Apr-2013,
481410055,"0037, 0159, 0172",EL PASO,6,Ascarate Park SE,31.7467753,-106.4028059,MOUNTAIN,34,01-Sep-1999,
481410044,"0041, 0126, 3001",EL PASO,6,El Paso Chamizal,31.7656854,-106.4552272,MOUNTAIN,132,01-Apr-1988,
481410058,72,EL PASO,6,Skyline Park,31.8939133,-106.425827,MOUNTAIN,8,11-Jul-2000,
481090001,,EL PASO,6,Van Horn City Hall,31.041667,-104.833333,CENTRAL,,01-Jan-1974,31-Dec-1981
481410003,,EL PASO,6,Shorty Lane Fire Station,31.8375,-106.579167,MOUNTAIN,,01-Jan-1978,31-Dec-1987
481410004,,EL PASO,6,Clint High School,31.588611,-106.228611,MOUNTAIN,,01-Jan-1974,31-Dec-1981
481410005,,EL PASO,6,City Gas Pumps,31.997222,-106.5975,MOUNTAIN,,01-Jan-1974,31-Dec-1981
481410006,,EL PASO,6,Darrington,31.688333,-106.2075,CENTRAL,,01-Jan-1974,31-Dec-1981
480430002,318,EL PASO,6,Sul Ross University,30.365833,-103.649167,CENTRAL,,01-Mar-2001,15-Nov-2005
481410050,415,EL PASO,6,Moon City,31.672778,-106.284167,MOUNTAIN,,04-Jun-1990,11-Sep-2009
481410027,6,EL PASO,6,EL PASO DOWNTOWN,31.763056,-106.486667,MOUNTAIN,,01-Jan-1973,16-Jan-2004
481410051,324,EL PASO,6,Fort Bliss,31.801944,-106.420556,MOUNTAIN,,01-Dec-1990,30-Jan-2014
481095018,5018,EL PASO,6,Guadalupe Pass KGDP,31.831111,-104.814444,CENTRAL,13,01-Aug-2005,
481410037,"0012, 0125, 0151",EL PASO,6,El Paso UTEP,31.7682914,-106.5012595,MOUNTAIN,19,01-Jan-1981,
481410047,123,EL PASO,6,Womble,31.7759422,-106.4131769,MOUNTAIN,90,13-Apr-1993,
481410053,"0040, 0116",EL PASO,6,El Paso Sun Metro,31.7585317,-106.5010446,MOUNTAIN,,01-Dec-1990,05-Dec-2012
481410054,36,EL PASO,6,El Paso Lower Valley,31.7038461,-106.356022,MOUNTAIN,7,07-Jun-1996,
481410045,,EL PASO,6,LINDBERGH,31.846667,-106.588333,MOUNTAIN,,31-Aug-1988,30-Jun-2003
481410043,,EL PASO,6,Buford,31.652222,-106.291111,MOUNTAIN,,06-Jan-1991,31-Dec-1999
481410010,,EL PASO,6,Northeast Clinic,31.899722,-106.4125,MOUNTAIN,,01-Jan-1971,19-Aug-2002
481410001,,EL PASO,6,USEPA-481410001,31.760833,-106.483333,MOUNTAIN,,01-Jan-1957,31-Dec-1995
481410041,,EL PASO,6,VILAS,31.7605,-106.5004,MOUNTAIN,,01-Jan-1983,31-Dec-2003
481410038,,EL PASO,6,Riverside,31.7338,-106.3721,MOUNTAIN,1,01-Jan-1981,
480430001,,EL PASO,6,West Holland,30.341667,-103.658333,CENTRAL,,01-Jan-1974,31-Dec-1974
481090658,658,EL PASO,6,GUADALUPE MOUNTAIN NATIONAL PARK C658,31.891111,-104.806111,CENTRAL,,26-Apr-2006,31-Jan-2007
481410028,30,EL PASO,6,EL PASO EAST C30,31.751667,-106.411111,MOUNTAIN,,01-Jan-1974,01-Sep-1999
482430001,,EL PASO,6,Jeff Davis County Courthouse,30.583333,-103.883333,CENTRAL,,01-Jan-1974,31-Dec-1974
482430002,,EL PASO,6,McDonald Observatory 1974-75,30.666667,-104.008333,CENTRAL,,01-Jan-1974,31-Dec-1975
481410057,49,EL PASO,6,Socorro Hueco,31.6675,-106.288,MOUNTAIN,111,18-Nov-1999,
481350003,"0047, 0122",MIDLAND,7,Odessa-Hays Elementary School,31.8365747,-102.3420368,CENTRAL,91,02-Feb-1993,
481351014,1014,MIDLAND,7,Odessa Gonzales,31.8702534,-102.3347563,CENTRAL,7,06-Jun-2002,
482271072,1072,MIDLAND,7,Big Spring Midway,32.280278,-101.407222,CENTRAL,8,03-Dec-2016,
481350002,,MIDLAND,7,University &amp; Park,31.872222,-102.3525,CENTRAL,,19-Nov-1975,10-Oct-1991
482270002,,MIDLAND,7,Howard County Courthouse,32.251389,-101.476944,CENTRAL,,01-Jan-1975,23-Aug-1983
481350001,,MIDLAND,7,USEPA-481350001,31.873333,-102.345833,CENTRAL,,01-Jan-1963,31-Dec-1983
483290001,,MIDLAND,7,Midland City Hall,32.006389,-102.070833,CENTRAL,,01-Jan-1971,02-Dec-1982
483290002,,MIDLAND,7,Midland Civic Center,31.997778,-102.074167,CENTRAL,,01-Jan-1983,27-Dec-1984
482270001,,MIDLAND,7,Big Spring Fire Station #3,32.248056,-101.466667,CENTRAL,,01-Jan-1971,31-Dec-1977
481350004,14,MIDLAND,7,Odessa El Ranchito,31.826389,-102.308333,CENTRAL,,16-Aug-2000,06-Jun-2002
484510001,,SAN ANGELO,8,San Angelo City Hall,31.465,-100.4375,CENTRAL,,01-Jan-1961,31-Dec-1976
484511001,,SAN ANGELO,8,Fish Hatchery #1,31.461111,-100.435,CENTRAL,,01-Jan-1969,31-Dec-1984
484515016,5016,SAN ANGELO,8,San Angelo KSJT,31.357778,-100.496389,CENTRAL,13,02-Sep-2005,
480271045,1045,WACO,9,Temple Georgia,31.1224187,-97.4310523,CENTRAL,7,04-Oct-2013,
483090001,,WACO,9,USEPA-483090001,31.556944,-97.122222,CENTRAL,,01-Jan-1958,31-Dec-1974
480271047,1047,WACO,9,Killeen Skylark Field,31.0880022,-97.6797343,CENTRAL,7,11-Jun-2009,
483311075,1075,WACO,9,Rockdale John D. Harper Road,30.569444,-97.076111,CENTRAL,8,19-Nov-2016,
483951076,1076,WACO,9,Franklin Oak Grove,31.168889,-96.481944,CENTRAL,8,13-Oct-2016,
483091037,1037,WACO,9,Waco Mazanec,31.6530743,-97.0706982,CENTRAL,14,16-Apr-2007,
483095010,5010,WACO,9,Waco KACT,31.611389,-97.230556,CENTRAL,13,02-Sep-2005,
480410001,,WACO,9,Courthouse Annex,30.674722,-96.370833,CENTRAL,,01-Jan-1971,31-Dec-1981
483090007,,WACO,9,Bosque Blvd,31.548056,-97.163889,CENTRAL,,01-Jan-1973,31-Dec-1988
483090008,,WACO,9,Washington Park,31.558889,-97.132222,CENTRAL,,01-Jan-1976,31-Dec-1981
480270651,651,WACO,9,TEMPLE C651,30.9975,-97.339444,CENTRAL,,31-Jul-2005,07-Nov-2006
484110653,653,WACO,9,Millpond PK San Saba,31.187222,-98.711944,CENTRAL,1,03-Sep-2005,07-Mar-2006
480270001,,WACO,9,Draughton Miller Airport,31.156667,-97.408333,CENTRAL,,20-Sep-1990,30-Dec-1996
483091002,,WACO,9,WACO,31.520556,-97.200556,CENTRAL,,01-Jan-2000,01-Apr-2003
480415011,5011,WACO,9,College Station KCLL,30.5822222,-96.3511111,CENTRAL,13,02-Sep-2005,
483611001,"0009, 0141",BEAUMONT,10,West Orange,30.0852629,-93.7613411,CENTRAL,11,01-Jan-1974,
482450628,"0628, 1628, 628",BEAUMONT,10,SETRPC Port Arthur,29.867756,-93.951163,CENTRAL,10,05-Oct-2004,
482450102,643,BEAUMONT,10,SETRPC 43 Jefferson Co Airport,29.9427514,-94.0006841,CENTRAL,11,05-Aug-2008,
482450018,"1019, 2001",BEAUMONT,10,Jefferson County Airport,29.9427981,-94.00077,CENTRAL,91,01-Oct-1994,
482450009,"0002, 0112, 2002",BEAUMONT,10,Beaumont Downtown,30.0364221,-94.0710606,CENTRAL,144,01-Jan-1980,
482450017,136,BEAUMONT,10,Port Neches Avenue L,29.9825311,-93.9528657,CENTRAL,90,25-Jul-1994,
482450019,"0131, 2000",BEAUMONT,10,City Service Center / PA,29.8938491,-93.9792618,CENTRAL,90,09-May-1997,
482450022,"0064, 0654",BEAUMONT,10,Hamshire,29.8639574,-94.3178017,CENTRAL,12,10-Feb-2000,
482450101,"0640, 1654",BEAUMONT,10,SETRPC  40  Sabine Pass,29.7279314,-93.8940805,CENTRAL,10,01-Jan-2000,
482450011,"0028, 0128, 0228",BEAUMONT,10,Port Arthur West,29.8975163,-93.9910842,CENTRAL,177,01-Jan-1981,
482450014,119,BEAUMONT,10,Groves,29.9611242,-93.895928,CENTRAL,90,01-Sep-1993,
482450021,"0303, 0689",BEAUMONT,10,Port Arthur Memorial School,29.9228943,-93.9090184,CENTRAL,5,06-Mar-2000,
482451035,1035,BEAUMONT,10,Nederland High School,29.9789255,-94.0108717,CENTRAL,64,30-Aug-2006,
482451050,1050,BEAUMONT,10,Beaumont Mary,30.0671163,-94.0909236,CENTRAL,,13-Oct-2010,24-Sep-2015
483611100,"0311, 0642, 0665",BEAUMONT,10,SETRPC 42 Mauriceville,30.1945576,-93.8672365,CENTRAL,81,01-Jan-1999,
482451071,1071,BEAUMONT,10,Port Arthur 7th Street,29.84855,-93.962194,CENTRAL,8,30-Sep-2016,
483611083,1083,BEAUMONT,10,Orange 1st Street,30.153675,-93.725897,CENTRAL,8,03-Oct-2016,
482451010,,BEAUMONT,10,Chriswell,30.096944,-94.095556,CENTRAL,,03-Sep-1992,30-Dec-1996
482450001,,BEAUMONT,10,Beaumont Health Department,30.058333,-94.093333,CENTRAL,,01-Jan-1959,31-Dec-1988
482450002,,BEAUMONT,10,Port Neches Avenue B,29.991667,-93.958333,CENTRAL,,01-Jan-1971,31-Dec-1979
482450003,,BEAUMONT,10,Jefferson County Airport 1971-81,29.954167,-94.016667,CENTRAL,,01-Jan-1971,31-Dec-1981
482450004,,BEAUMONT,10,Gulf States Utilities Neches Station,30.064722,-94.045833,CENTRAL,,01-Jan-1973,31-Dec-1973
482450005,,BEAUMONT,10,Beaumont Water Plant,30.098056,-94.095833,CENTRAL,,01-Jan-1971,31-Dec-1973
482450006,,BEAUMONT,10,Beaumont Avenue,29.870278,-93.934444,CENTRAL,,01-Jan-1973,31-Dec-1979
482450007,,BEAUMONT,10,Lampman Drive Fire Station,30.131667,-94.175833,CENTRAL,,01-Jan-1976,31-Dec-1981
482450008,,BEAUMONT,10,Lamar University,30.041667,-94.079167,CENTRAL,,01-Jan-1979,31-Dec-1981
482451001,,BEAUMONT,10,Hogaboom Road,29.966667,-93.925,CENTRAL,,01-Jan-1966,31-Dec-1969
482451004,,BEAUMONT,10,McKinley Water Station,29.958333,-93.916667,CENTRAL,,01-Jan-1971,31-Dec-1971
482451005,,BEAUMONT,10,Port Arthur Service Center,29.895833,-93.979167,CENTRAL,,01-Jan-1971,01-Jul-1975
482451006,,BEAUMONT,10,Neches Drive,29.983056,-93.945833,CENTRAL,,01-Jan-1971,31-Dec-1971
482451008,,BEAUMONT,10,Port Arthur Main Sewage Plant,29.929167,-93.879167,CENTRAL,,01-Jan-1973,31-Dec-1973
482451009,,BEAUMONT,10,Memorial Blvd,29.909444,-93.943333,CENTRAL,,01-Nov-1979,31-Dec-1988
482452001,,BEAUMONT,10,Winnie &amp; Hamshire,29.833333,-94.3375,CENTRAL,,01-Jan-1973,31-Dec-1973
482452003,,BEAUMONT,10,Orchard Street,29.970833,-93.929167,CENTRAL,,01-Jan-1971,31-Dec-1971
482452004,,BEAUMONT,10,West 90th Street,29.943056,-94.002778,CENTRAL,,01-Jan-1979,31-Dec-1981
482452005,,BEAUMONT,10,Port Neches Sewage Plant,29.945833,-93.945833,CENTRAL,,01-Jan-1971,31-Dec-1974
482453001,,BEAUMONT,10,Memorial &amp; 32nd,29.914444,-93.941111,CENTRAL,,01-Jan-1967,31-Dec-1971
482453004,,BEAUMONT,10,Picton Towing,29.8375,-93.958333,CENTRAL,,01-Jan-1973,31-Dec-1973
482454004,,BEAUMONT,10,Park Street,29.965556,-93.953889,CENTRAL,,01-Jan-1972,01-Jul-1975
483470001,,BEAUMONT,10,SFA University Forestry Building,31.628056,-94.647222,CENTRAL,,01-Jan-1975,01-Jan-1977
483470002,,BEAUMONT,10,Nacodoches Fire Station,31.5775,-94.675,CENTRAL,,01-Jan-1982,24-Jul-1983
483610001,,BEAUMONT,10,Orange 7th at Elm,30.096667,-93.736111,CENTRAL,,01-Jan-1966,31-Dec-1971
483610002,,BEAUMONT,10,Orange Health Department,30.096667,-93.736111,CENTRAL,,01-Jan-1967,31-Dec-1976
482450010,,BEAUMONT,10,Tyrell School,29.718056,-93.896944,CENTRAL,,01-Jan-1981,01-Jan-1985
483739001,1027,BEAUMONT,10,C1027-Alabama-Coushatta-TX,30.701667,-94.673889,CENTRAL,,13-Apr-2005,17-Oct-2008
483510639,639,BEAUMONT,10,Newton NTRD C639,30.8847222,-93.7419444,CENTRAL,,22-Jul-2005,07-Nov-2006
480055013,5013,BEAUMONT,10,Lufkin KLFK,31.233889,-94.75,CENTRAL,13,02-Sep-2005,
484050646,646,BEAUMONT,10,San Augustine Airport NTRD,31.539444,-94.170278,CENTRAL,,27-Jul-2005,15-Dec-2006
481990002,,BEAUMONT,10,Kountze City Hall,30.381389,-94.315556,CENTRAL,,01-Jan-1989,31-Dec-1993
482450020,"0054, 0130",BEAUMONT,10,CARROLL STREET PARK,30.0660458,-94.0773862,CENTRAL,,18-Nov-1997,30-Jul-2008
482090614,614,AUSTIN,11,Dripping Springs School,30.2146162,-98.0833473,CENTRAL,10,11-Mar-2003,
484530326,326,AUSTIN,11,Zavala Elementary,30.2583319,-97.7203007,CENTRAL,7,18-Feb-2009,
484530021,171,AUSTIN,11,Austin Webberville Rd,30.2632079,-97.7128831,CENTRAL,99,29-Sep-1999,
484531603,1603,AUSTIN,11,Gorzycki Middle School,30.216397,-97.893744,CENTRAL,6,16-Apr-2014,
480551604,1604,AUSTIN,11,Lockhart,29.864917,-97.664936,CENTRAL,6,24-Apr-2014,
484531026,1026,AUSTIN,11,Austin 5th Street,30.259506,-97.7209,CENTRAL,,04-Sep-2014,29-Oct-2015
484531068,1068,AUSTIN,11,Austin North Interstate 35,30.35386,-97.69166,CENTRAL,10,16-Apr-2014,
482091675,1675,AUSTIN,11,CAPCOG San Marcos Staples Road,29.862281,-97.928856,CENTRAL,6,20-Sep-2011,
484910690,690,AUSTIN,11,CAPCOG Lake Georgetown,30.6664421,-97.734579,CENTRAL,7,20-Sep-2007,
484916602,6602,AUSTIN,11,CAPCOG Hutto College Street,30.545706,-97.541794,CENTRAL,7,18-May-2011,
484531605,1605,AUSTIN,11,St. Edwards University,30.228536,-97.754395,CENTRAL,10,22-Jan-2016,
480530322,322,AUSTIN,11,Burnet County Hospital C322,30.7324069,-98.2365001,CENTRAL,,24-Jun-2004,29-Jul-2005
482090675,675,AUSTIN,11,CAPCOG San Marcos,29.890833,-97.948333,CENTRAL,,02-Jun-2006,14-Sep-2011
484910674,674,AUSTIN,11,CAPCOG Round Rock,30.532778,-97.685,CENTRAL,,02-Jun-2006,31-Oct-2010
480210684,684,AUSTIN,11,McKinney Roughs,30.140877,-97.4588971,CENTRAL,6,16-Aug-2006,
480550062,62,AUSTIN,11,San Marcos Airport,29.888056,-97.877778,CENTRAL,,12-Aug-1998,05-Apr-2003
484530613,613,AUSTIN,11,PFLUGERVILLE WASTEWATER,30.418611,-97.601389,CENTRAL,,10-Dec-2002,03-Nov-2006
484530017,32,AUSTIN,11,AUSTIN DOWNTOWN C32,30.264167,-97.746111,CENTRAL,,01-Jun-1988,19-May-1998
484530015,,AUSTIN,11,TCEQ-484530015,30.238889,-97.702778,CENTRAL,,01-Jan-1979,31-Dec-2001
484530016,,AUSTIN,11,Webberville Road,30.265278,-97.709444,CENTRAL,,01-Jan-1981,14-Nov-1999
484530010,,AUSTIN,11,Ridgetop School,30.3125,-97.716389,CENTRAL,,01-Jan-1973,30-Dec-1996
484530003,25,AUSTIN,11,PARMER LANE CAMS 25,30.42,-97.706944,CENTRAL,,01-Jan-1981,28-Feb-1997
482090001,,AUSTIN,11,Dunbar School,29.879167,-97.933333,CENTRAL,,01-Jan-1971,31-Dec-1975
482090002,,AUSTIN,11,Hays County Health Department,29.881389,-97.933333,CENTRAL,,01-Jan-1975,31-Dec-1981
484530001,,AUSTIN,11,Austin City Hall,30.271111,-97.744444,CENTRAL,,01-Jan-1958,16-Sep-1971
484530002,,AUSTIN,11,East 53rd,30.313333,-97.714444,CENTRAL,,01-Jan-1967,31-Dec-1981
484530004,,AUSTIN,11,Austin City-County Health Department,30.271111,-97.733889,CENTRAL,,01-Jan-1971,24-Jun-1983
484530005,,AUSTIN,11,Mollie Dawson School,30.236111,-97.766667,CENTRAL,,01-Jan-1972,24-Jun-1983
484530006,,AUSTIN,11,Research Blvd Fire Station,30.346944,-97.711667,CENTRAL,,01-Jan-1972,24-Jun-1976
484530007,,AUSTIN,11,Govalle Fire Station,30.2625,-97.694444,CENTRAL,,01-Jan-1972,31-Dec-1976
484530008,,AUSTIN,11,Balcones Drive Fire Station,30.337222,-97.758333,CENTRAL,,01-Jan-1972,31-Dec-1981
484530011,,AUSTIN,11,Hunters Glen,30.212778,-97.7875,CENTRAL,,01-Jan-1973,31-Dec-1981
484530012,,AUSTIN,11,TACB Headquarters,30.373611,-97.7375,CENTRAL,,01-Jan-1974,31-Dec-1981
484530013,,AUSTIN,11,Lavaca &amp; 17th,30.276389,-97.739444,CENTRAL,,01-Jan-1976,31-Dec-1981
484531001,,AUSTIN,11,Camp Croft at Westlake High Road,30.282778,-97.816667,CENTRAL,,01-Jan-1973,31-Dec-1975
484531002,,AUSTIN,11,Mount Larson,30.319444,-97.805556,CENTRAL,,01-Jan-1973,31-Dec-1981
484535001,"5001, 5002",AUSTIN,11,Camp Mabry KATT,30.3136111,-97.7613889,CENTRAL,13,15-Sep-1998,
484535003,5003,AUSTIN,11,Austin Bergstrom KAUS,30.1944444,-97.67,CENTRAL,13,17-Jun-2004,
480535009,5009,AUSTIN,11,Burnet County Airport KBMQ,30.7388889,-98.2386111,CENTRAL,13,17-Jun-2004,
481490001,"0016, 0601",AUSTIN,11,Fayette County,29.9624745,-96.7458748,CENTRAL,8,18-May-2000,
484530020,38,AUSTIN,11,Austin Audubon Society,30.4831681,-97.8723005,CENTRAL,17,28-Feb-1997,
484530014,3,AUSTIN,11,Austin Northwest,30.3544356,-97.7602554,CENTRAL,12,01-Jan-1979,
482010047,408,HOUSTON,12,Lang,29.834167,-95.489167,CENTRAL,5,01-Jan-1978,
482010066,410,HOUSTON,12,Houston Westhollow,29.723333,-95.635833,CENTRAL,8,01-Jul-1994,
481675005,5005,HOUSTON,12,Galveston Airport KGLS,29.270278,-94.864167,CENTRAL,13,22-Jan-2003,
483395006,5006,HOUSTON,12,Conroe Airport KCXO,30.356667,-95.413889,CENTRAL,13,22-Jan-2003,
482010617,617,HOUSTON,12,Wallisville Road,29.821389,-94.99,CENTRAL,60,30-May-2003,
481670571,571,HOUSTON,12,Clear Creek High School,29.525556,-95.070556,CENTRAL,2,12-Sep-2003,
482010572,572,HOUSTON,12,Clear Lake High School,29.583333,-95.105,CENTRAL,2,12-Sep-2003,
482010560,560,HOUSTON,12,Atascocita,29.961944,-95.235,CENTRAL,9,29-Jul-2004,
482010561,561,HOUSTON,12,Meyer Park,30.011667,-95.5225,CENTRAL,1,30-Jul-2004,
482010562,562,HOUSTON,12,Bunker Hill Village,29.778333,-95.538056,CENTRAL,1,08-Oct-2004,
484715012,5012,HOUSTON,12,Huntsville KUTS,30.755278,-95.587222,CENTRAL,13,01-Aug-2005,
481670014,"0034, 0109, 0152",HOUSTON,12,GALVESTON AIRPORT,29.263319,-94.8565681,CENTRAL,,01-Dec-1993,22-Mar-2007
482010808,608,HOUSTON,12,HRM-8 LaPorte C608,29.646111,-95.056389,CENTRAL,,01-Nov-1999,07-Dec-2001
482011003,18,HOUSTON,12,DEER PARK,29.679167,-95.130833,CENTRAL,,01-Jan-1981,23-Oct-1996
482010059,22,HOUSTON,12,MANCHESTER,29.705833,-95.281111,CENTRAL,,01-Jan-1981,21-Jan-1998
481671002,10,HOUSTON,12,TEXAS CITY,29.397778,-94.933333,CENTRAL,,01-Jan-1974,10-Jul-2004
482011040,51,HOUSTON,12,ELLINGTON FIELD,29.613056,-95.173333,CENTRAL,,21-May-1997,03-May-2005
481670053,100,HOUSTON,12,NESSLER POOL,29.39,-94.919444,CENTRAL,,01-Jan-1979,30-Jul-2007
482010804,604,HOUSTON,12,HRM-4 Sheldon Rd C604,29.834722,-95.131944,CENTRAL,,29-Nov-1999,06-Dec-2001
482010051,409,HOUSTON,12,Houston Croquet,29.623889,-95.474167,CENTRAL,8,01-Jan-1978,
482011037,407,HOUSTON,12,HOUSTON CRAWFORD,29.751111,-95.361667,CENTRAL,,17-Aug-1971,27-Mar-2001
482011041,"0166, 0245",HOUSTON,12,SAN JACINTO MONUMENT,29.751944,-95.083333,CENTRAL,,17-Apr-2000,01-May-2003
482010671,"0671, 671",HOUSTON,12,Goodyear GC,29.706111,-95.255,CENTRAL,12,04-May-2006,
482010669,669,HOUSTON,12,TPC FTIR South,29.694722,-95.252778,CENTRAL,6,13-Jan-2006,
482010670,670,HOUSTON,12,TPC FTIR North,29.701944,-95.257222,CENTRAL,4,01-Jan-2006,
482010672,672,HOUSTON,12,PASADENA  AAMS  C672,29.6891592,-95.2038208,CENTRAL,,19-Jul-2006,03-Mar-2009
482010062,406,HOUSTON,12,Houston Monroe,29.625556,-95.267222,CENTRAL,4,01-Jan-1984,
482010030,1030,HOUSTON,12,Channelview North,29.8542881,-95.1287108,CENTRAL,,06-Dec-2005,02-Oct-2007
482015002,,HOUSTON,12,Shaw,29.713056,-95.2125,CENTRAL,,01-Jan-1967,12-Jun-1997
482017001,,HOUSTON,12,Seabrook Intermediate School,29.571944,-95.016667,CENTRAL,,01-Jan-1978,01-Jan-1983
482013001,,HOUSTON,12,USEPA-482013001,29.760556,-95.370278,CENTRAL,,01-Jan-1957,31-Dec-1988
482010807,607,HOUSTON,12,HRM 7 BAYTOWN,29.768889,-95.0175,CENTRAL,,29-Nov-1999,07-Dec-2001
482010064,,HOUSTON,12,ALLENDALE SUBDIVISION,29.699444,-95.268889,CENTRAL,,19-Jan-1993,01-May-1999
482010075,411,HOUSTON,12,Houston Texas Avenue,29.752778,-95.350278,CENTRAL,4,30-Mar-2001,
483390089,65,HOUSTON,12,CONROE,30.353889,-95.421667,CENTRAL,,01-Oct-1999,01-Jun-2002
483210001,,HOUSTON,12,USEPA-483210001,28.685278,-95.973333,CENTRAL,,01-Jan-1965,31-Dec-1980
482012001,,HOUSTON,12,Clinton Street,29.731667,-95.240556,CENTRAL,,01-Jan-1967,31-Dec-1968
482012002,,HOUSTON,12,Stewart Street,29.734444,-95.238611,CENTRAL,,01-Jan-1983,27-Jun-1988
482012003,,HOUSTON,12,Chambers Elementary School,29.698611,-95.567778,CENTRAL,,01-Jan-1972,31-Dec-1981
482012004,,HOUSTON,12,Hartsock,29.636944,-95.228333,CENTRAL,,01-Jan-1967,31-Dec-1981
482012005,,HOUSTON,12,West Harris,29.697778,-95.218333,CENTRAL,,01-Jan-1982,31-Dec-1984
482012006,,HOUSTON,12,San Jacinto Junior College,29.653889,-95.118056,CENTRAL,,01-Jan-1972,31-Dec-1981
482013002,,HOUSTON,12,North San Jacinto,29.756389,-95.370278,CENTRAL,,01-Jan-1967,31-Dec-1981
482013003,,HOUSTON,12,San Antonio-Manchester,29.720556,-95.283889,CENTRAL,,01-Jan-1967,31-Dec-1981
482014001,,HOUSTON,12,Jacinto City,29.769444,-95.245,CENTRAL,,01-Jan-1968,31-Dec-1968
482014002,,HOUSTON,12,Civic Center,29.659444,-95.015833,CENTRAL,,01-Jan-1973,31-Dec-1981
482014003,,HOUSTON,12,North Munger,29.716667,-95.2,CENTRAL,,01-Jan-1975,31-Dec-1981
482015001,,HOUSTON,12,La Porte Police Station,29.663056,-95.025,CENTRAL,,01-Jan-1967,31-Dec-1968
482016001,,HOUSTON,12,USEPA-482016001,0,0,CENTRAL,,01-Jan-1967,31-Dec-1969
482018001,,HOUSTON,12,South Houston Fire Station,29.665556,-95.238889,CENTRAL,,01-Jan-1972,31-Dec-1981
482019001,,HOUSTON,12,Tomball High School,30.091944,-95.621944,CENTRAL,,01-Jan-1972,31-Dec-1981
482910089,,HOUSTON,12,Liberty Municipal Park,30.086111,-94.783056,CENTRAL,,01-Jan-1988,31-Dec-1988
483390001,,HOUSTON,12,West Davis,30.321111,-95.483333,CENTRAL,,01-Jan-1975,31-Dec-1976
483390088,,HOUSTON,12,Gulf States Utilities,30.338056,-95.452222,CENTRAL,,01-Jan-1988,31-Dec-1988
484710001,,HOUSTON,12,Huntsville Shop Building,30.723333,-95.544722,CENTRAL,,01-Jan-1975,01-Jan-1978
484730001,,HOUSTON,12,Texas Highway Department Yard,30.094444,-96.065833,CENTRAL,,01-Jan-1990,01-Jan-1991
481570696,696,HOUSTON,12,UH Sugarland,29.5741,-95.6497,CENTRAL,6,26-Feb-2009,
482010551,551,HOUSTON,12,Sheldon,29.8586111,-95.1602778,CENTRAL,1,17-Apr-2002,
482010552,552,HOUSTON,12,Baytown Wetlands Center,29.7330556,-94.9847222,CENTRAL,1,11-Jun-2003,
482010553,553,HOUSTON,12,Crosby Library,29.9208333,-95.0683333,CENTRAL,1,16-Jun-2003,
482010570,570,HOUSTON,12,Clear Brook High School,29.5488889,-95.1852778,CENTRAL,2,12-Sep-2003,
482010554,554,HOUSTON,12,West Houston,29.8330556,-95.6569444,CENTRAL,1,24-Dec-2003,
482010555,555,HOUSTON,12,Kingwood Library C555,30.0547222,-95.185,CENTRAL,,01-Jan-2004,18-Mar-2010
482010556,556,HOUSTON,12,La Porte Sylvan Beach,29.6552778,-95.0097222,CENTRAL,7,01-Jan-2004,
482010557,557,HOUSTON,12,Mercer Arboretum,30.0380556,-95.3811111,CENTRAL,1,12-Feb-2004,
482010558,558,HOUSTON,12,Tom Bass,29.5894444,-95.3536111,CENTRAL,1,06-Feb-2004,
482010559,559,HOUSTON,12,Katy Park,29.8105556,-95.8061111,CENTRAL,8,12-Mar-2004,
482010416,416,HOUSTON,12,Park Place,29.686389,-95.294722,CENTRAL,19,22-Feb-2006,
482010071,,HOUSTON,12,Pasadena HL&amp;P,29.7164829,-95.2013298,CENTRAL,1,17-Jul-2000,
482010054,,HOUSTON,12,Kress 2,29.775833,-95.3075,CENTRAL,,01-Jan-1980,25-Oct-1996
482010045,,HOUSTON,12,BINGLE,29.834444,-95.493889,CENTRAL,,01-Jan-1976,01-Jan-1999
482010004,,HOUSTON,12,McElroy Park,29.770278,-95.011944,CENTRAL,,01-Dec-1979,15-Jul-1997
482010007,,HOUSTON,12,Houston City Health Department,29.720833,-95.383889,CENTRAL,,01-Jan-1968,27-Jun-1995
481675001,,HOUSTON,12,USEPA-481675001,29.405,-94.920833,CENTRAL,,01-Jan-1959,31-Dec-1971
481671005,,HOUSTON,12,LEAGUE CITY COUNTY BLDG,29.503889,-95.104444,CENTRAL,,01-Jan-1999,01-Mar-2003
481670004,,HOUSTON,12,Texas City Fire Station,29.384444,-94.930833,CENTRAL,2,01-Jan-1972,
481570002,,HOUSTON,12,Radian-481570002,29.475,-95.789722,CENTRAL,,01-Jan-1978,31-Dec-1988
481570003,,HOUSTON,12,Radian-481570003,29.415,-95.652778,CENTRAL,,01-Jan-1974,31-Dec-1982
481570001,,HOUSTON,12,Radian-481570001,29.537222,-95.635556,CENTRAL,,01-Jan-1974,31-Dec-1979
480390001,,HOUSTON,12,Alvin Junior College,29.395278,-95.235556,CENTRAL,,01-Jan-1972,31-Dec-1981
480391001,,HOUSTON,12,Oyster Creek Bend,28.993889,-95.334722,CENTRAL,,01-Jan-1966,31-Dec-1981
480391002,,HOUSTON,12,Hargett &amp; Main,29.026944,-95.408333,CENTRAL,,01-Jan-1969,31-Dec-1975
480710001,,HOUSTON,12,Beach City Community Building,29.6475,-94.916111,CENTRAL,,01-Jan-1967,04-Sep-1983
480710002,,HOUSTON,12,Mt. Belvieu Fire Station,29.856389,-94.895833,CENTRAL,,01-Jan-1967,31-Dec-1975
480710003,,HOUSTON,12,Fahring Building,29.767778,-94.677778,CENTRAL,,01-Jan-1969,31-Dec-1971
480710004,,HOUSTON,12,Winnie Municipal Annex,29.818333,-94.377778,CENTRAL,,01-Jan-1972,31-Dec-1975
480710900,610,HOUSTON,12,HRM 10 Mont Belvieu,29.878889,-94.921389,CENTRAL,,01-Aug-1981,06-Dec-2001
480710901,611,HOUSTON,12,HRM 11 East Baytown,29.765833,-94.910278,CENTRAL,,01-Aug-1981,05-Dec-2001
481570004,,HOUSTON,12,Rosenburg Public Works,29.565,-95.798889,CENTRAL,,01-Jan-1990,31-Dec-1990
481670001,,HOUSTON,12,North City Building,29.466667,-95.058333,CENTRAL,,01-Jan-1976,27-Jun-1988
481670002,,HOUSTON,12,Moody College,29.316667,-94.8,CENTRAL,,01-Jan-1976,31-Dec-1988
481670003,,HOUSTON,12,Army Reserve Training Building,29.276944,-94.820833,CENTRAL,,01-Jan-1980,31-Mar-1982
481670012,,HOUSTON,12,Highway 519 at Highway 146,29.363889,-94.948611,CENTRAL,,01-Jan-1973,31-Dec-1981
481670013,,HOUSTON,12,Loop 197 at Highway 146,29.335556,-94.929722,CENTRAL,,01-Jan-1976,27-Jun-1988
481670024,,HOUSTON,12,Banana &amp; 3rd,29.363889,-94.95,CENTRAL,,01-Jan-1972,31-Dec-1973
481670025,,HOUSTON,12,Clear Creek,29.545833,-95.026389,CENTRAL,,01-Jan-1972,31-Dec-1981
481670026,,HOUSTON,12,Galveston County Park,29.509722,-95.1,CENTRAL,,01-Jan-1972,31-Dec-1981
481670031,,HOUSTON,12,Air Control Lab,29.383333,-94.9,CENTRAL,,01-Jan-1972,22-Jun-1989
481670035,,HOUSTON,12,Shady Lane,29.370833,-94.95,CENTRAL,,01-Jan-1972,27-Jun-1988
481670042,,HOUSTON,12,Magnolia Street,29.365278,-94.979167,CENTRAL,,01-Jan-1972,31-Dec-1972
481670043,,HOUSTON,12,Washington &amp; Carver,29.383611,-94.981944,CENTRAL,,01-Jan-1975,31-Dec-1981
481670044,,HOUSTON,12,Texas City 5th &amp; Orchard,29.380556,-94.9625,CENTRAL,,01-Jan-1972,31-Dec-1972
481670045,,HOUSTON,12,Magnolia Street 2,29.397222,-94.948611,CENTRAL,,01-Jan-1972,31-Dec-1973
481670046,,HOUSTON,12,Loop 197 Lift Station,29.408333,-94.908333,CENTRAL,,01-Jan-1972,31-Dec-1972
481670047,,HOUSTON,12,Galveston 56 1/2 Street,29.283333,-94.823611,CENTRAL,,01-Jan-1972,27-Jun-1988
481670050,,HOUSTON,12,Texas City Dike,29.339167,-94.809167,CENTRAL,,01-Jan-1973,31-Dec-1973
481670051,,HOUSTON,12,Galveston County Hospital,29.395833,-94.986667,CENTRAL,,01-Jan-1974,11-Aug-1983
481671001,,HOUSTON,12,Willowick,29.530556,-95.198611,CENTRAL,,01-Jan-1972,31-Dec-1981
481671003,,HOUSTON,12,Texas City North 5th &amp; 9th,29.388889,-94.904167,CENTRAL,,01-Jan-1972,31-Dec-1981
481671011,,HOUSTON,12,Texas City 16th &amp; Texas Avenue,29.383611,-94.918056,CENTRAL,,01-Jan-1972,31-Dec-1981
481671043,,HOUSTON,12,Texas City 1972-81,29.381944,-94.981944,CENTRAL,,01-Jan-1972,31-Dec-1981
481672001,,HOUSTON,12,Rosenburg Avenue,29.3,-94.795833,CENTRAL,,01-Jan-1959,31-Dec-1981
481673001,,HOUSTON,12,Carbide Park,29.358333,-95,CENTRAL,,01-Jan-1976,27-Jun-1988
481674001,,HOUSTON,12,League City East Main,29.525,-95.069444,CENTRAL,,01-Jan-1971,27-Jun-1988
482010001,,HOUSTON,12,Roseland Park,29.723056,-94.945833,CENTRAL,,01-Jan-1967,11-Aug-1983
482010002,,HOUSTON,12,Park Court Water Tower,29.749444,-94.980556,CENTRAL,,01-Jan-1967,27-Dec-1984
482010003,,HOUSTON,12,Bayway Drive Fire Station,29.773056,-95.029167,CENTRAL,,01-Jan-1970,31-Dec-1981
482010005,,HOUSTON,12,Spring High School,30.051944,-95.430833,CENTRAL,,01-Jan-1972,31-Dec-1981
482010006,,HOUSTON,12,Channelview High School,29.791111,-95.124167,CENTRAL,,01-Jan-1972,31-Dec-1981
482010008,,HOUSTON,12,Aberdeen,29.7,-95.44,CENTRAL,,01-Jan-1967,31-Dec-1981
482010009,,HOUSTON,12,Bellaire,29.71,-95.511944,CENTRAL,,01-Jan-1967,22-Apr-1988
482010010,,HOUSTON,12,Alabama,29.740833,-95.439167,CENTRAL,,01-Jan-1967,27-Aug-1989
482010011,,HOUSTON,12,Bingle-Malibu,29.82,-95.483889,CENTRAL,,01-Jan-1968,31-Dec-1981
482010012,,HOUSTON,12,Fulton,29.856111,-95.381667,CENTRAL,,01-Jan-1967,31-Dec-1981
482010013,,HOUSTON,12,North Wayside,29.827222,-95.284722,CENTRAL,,01-Jan-1967,31-Dec-1981
482010014,,HOUSTON,12,Pearl,29.774722,-95.282222,CENTRAL,,01-Jan-1968,31-Dec-1981
482010015,,HOUSTON,12,Market,29.769444,-95.203889,CENTRAL,,01-Jan-1968,31-Dec-1981
482010016,,HOUSTON,12,Vicksburg,29.777778,-95.1875,CENTRAL,,01-Jan-1967,31-Dec-1981
482010017,,HOUSTON,12,Clinton-Federal,29.733056,-95.213056,CENTRAL,,01-Jan-1973,13-Apr-1983
482010018,,HOUSTON,12,Bulk Materials Plant,29.747222,-95.175,CENTRAL,,01-Jan-1973,31-Dec-1981
482010019,,HOUSTON,12,Port Houston Terminal Office,29.745833,-95.202778,CENTRAL,,01-Jan-1972,22-Apr-1988
482010020,,HOUSTON,12,Bethlehem Steel,29.751944,-95.103056,CENTRAL,,01-Jan-1973,13-Apr-1983
482010021,,HOUSTON,12,Brady Island,29.720278,-95.275,CENTRAL,,01-Jan-1976,31-Dec-1981
482010023,,HOUSTON,12,HL&amp;P Bertron Station,29.725,-95.052778,CENTRAL,,01-Jan-1973,13-Apr-1983
482010025,,HOUSTON,12,Bulk Materials Plant 2,29.748611,-95.164444,CENTRAL,,01-Jan-1979,13-Apr-1983
482010031,,HOUSTON,12,Cloverleaf,29.778611,-95.171389,CENTRAL,,01-Jan-1983,27-Dec-1984
482010038,,HOUSTON,12,Parkhurst,29.837778,-95.285556,CENTRAL,,01-Jan-1975,31-Dec-1982
482010039,,HOUSTON,12,Fuqua,29.6125,-95.279167,CENTRAL,,01-Jan-1975,31-Dec-1984
482010040,,HOUSTON,12,Jeannetta,29.733056,-95.523889,CENTRAL,,01-Jan-1976,31-Dec-1988
482010041,,HOUSTON,12,Seamist,29.801389,-95.4375,CENTRAL,,01-Jan-1976,27-Aug-1989
482010042,,HOUSTON,12,Hartsook,29.634167,-95.228889,CENTRAL,,01-Jan-1976,31-Dec-1988
482010043,,HOUSTON,12,Cullen,29.637778,-95.355278,CENTRAL,,01-Jan-1976,22-Apr-1988
482010044,,HOUSTON,12,Aberdeen 2,29.697222,-95.438611,CENTRAL,,01-Jan-1968,31-Dec-1988
482010048,,HOUSTON,12,Fulton 2,29.856667,-95.382778,CENTRAL,,01-Jan-1977,29-Dec-1994
482010049,,HOUSTON,12,Kress,29.775833,-95.306944,CENTRAL,,01-Jan-1978,31-Dec-1981
482010050,,HOUSTON,12,Market 2,29.7725,-95.205278,CENTRAL,,01-Jan-1978,31-Dec-1981
482010052,,HOUSTON,12,Clinton Drive,29.7275,-95.276389,CENTRAL,,01-Jan-1979,31-Dec-1981
482010053,,HOUSTON,12,Granada,29.787222,-95.191667,CENTRAL,,01-Jan-1979,31-Dec-1981
482010056,,HOUSTON,12,Gregg,29.776944,-95.335833,CENTRAL,,13-Dec-1980,31-Dec-1988
482010063,,HOUSTON,12,Smith Branch Library,29.725,-95.35,CENTRAL,,01-Jan-1984,22-Apr-1988
482010101,,HOUSTON,12,USEPA-482010101,0,0,CENTRAL,,01-Jan-1977,31-Dec-1981
482011001,,HOUSTON,12,Center at 13th,29.698056,-95.123889,CENTRAL,,01-Jan-1967,27-Dec-1984
482011002,,HOUSTON,12,Shell Oil Deer Park,29.728333,-95.120556,CENTRAL,,01-Jan-1973,13-Apr-1983
482011004,,HOUSTON,12,Cy-Fair High School,29.936667,-95.653889,CENTRAL,,01-Jan-1972,27-Dec-1984
482011005,,HOUSTON,12,Cullen-Mowery,29.6375,-95.355278,CENTRAL,,01-Jan-1967,31-Dec-1981
482011006,,HOUSTON,12,Cullen-Elgin,29.722778,-95.345833,CENTRAL,,01-Jan-1968,24-Jun-1984
482011008,,HOUSTON,12,Parkside-Strawberry,29.67,-95.193611,CENTRAL,,01-Jan-1983,27-Dec-1984
482011018,,HOUSTON,12,Kress-Lyons,29.775,-95.308333,CENTRAL,,01-Jan-1971,31-Dec-1981
482011024,,HOUSTON,12,Memorial,29.773056,-95.61,CENTRAL,,01-Jan-1968,31-Dec-1968
482011025,,HOUSTON,12,Chimney Rock,29.646944,-95.4825,CENTRAL,,01-Jan-1967,31-Dec-1981
482011026,,HOUSTON,12,West 43rd,29.830278,-95.440278,CENTRAL,,01-Jan-1967,31-Dec-1981
482011027,,HOUSTON,12,Airport Boulevard,29.655556,-95.280556,CENTRAL,,01-Jan-1967,31-Dec-1968
482011028,,HOUSTON,12,Phillips Petroleum Adams Terminal,29.718333,-95.187222,CENTRAL,,01-Jan-1973,27-Dec-1984
482011029,,HOUSTON,12,Genoa,29.625278,-95.198611,CENTRAL,,01-Jan-1967,31-Dec-1968
482011039,"0035, 0139, 0235, 1001, 3000",HOUSTON,12,Houston Deer Park #2,29.670025,-95.1285077,CENTRAL,425,22-Oct-1996,
481670056,620,HOUSTON,12,Texas City 34th Street,29.4057,-94.94712,CENTRAL,11,01-Jun-2003,
482010046,405,HOUSTON,12,Houston North Wayside,29.8280859,-95.2840958,CENTRAL,2,01-Jan-1976,
482010060,404,HOUSTON,12,Houston Kirkpatrick,29.8074146,-95.2936223,CENTRAL,6,10-Feb-2000,
482011042,309,HOUSTON,12,Kingwood,30.0584604,-95.1897514,CENTRAL,1,15-Feb-2001,
482011035,"0055, 0113, 0304, 0403",HOUSTON,12,Clinton,29.7337263,-95.2575931,CENTRAL,142,01-Jan-1972,
482011043,243,HOUSTON,12,La Porte Airport C243,29.672,-95.0647,CENTRAL,7,09-Jun-2005,
482010673,673,HOUSTON,12,Goodyear Houston Site #2,29.7023,-95.256697,CENTRAL,12,01-Oct-2006,
482011066,1066,HOUSTON,12,Houston Southwest Freeway,29.7216,-95.49265,CENTRAL,9,22-Jan-2014,
482011017,1017,HOUSTON,12,Baytown Garth,29.823319,-94.983786,CENTRAL,10,05-Jun-2012,
480390619,619,HOUSTON,12,Mustang Bayou,29.308562,-95.19991,CENTRAL,,01-Jun-2003,16-Nov-2015
482010024,"0008, 0108, 0150",HOUSTON,12,Houston Aldine,29.9010364,-95.3261373,CENTRAL,92,01-Jan-1974,
482011034,1,HOUSTON,12,Houston East,29.7679965,-95.2205822,CENTRAL,11,01-Jan-1973,
482010029,"0026, 0110, 0154",HOUSTON,12,Northwest Harris County,30.039524,-95.6739508,CENTRAL,13,01-Jan-1981,
482010055,"0053, 0146, 0181",HOUSTON,12,Houston Bayland Park,29.6957294,-95.499219,CENTRAL,95,24-Mar-1998,
482016000,"0175, 1020",HOUSTON,12,Cesar Chavez,29.6843603,-95.2535982,CENTRAL,54,11-Mar-2004,
483390078,78,HOUSTON,12,Conroe Relocated,30.3503017,-95.4251278,CENTRAL,12,01-Oct-2001,
482010058,148,HOUSTON,12,Baytown,29.7706975,-95.0312316,CENTRAL,98,25-Mar-1998,
482010307,1029,HOUSTON,12,Manchester/Central,29.718799,-95.2599093,CENTRAL,91,09-May-2005,
482010069,169,HOUSTON,12,Milby Park,29.7062492,-95.2611301,CENTRAL,54,07-Apr-1999,
482010803,"0114, 0603",HOUSTON,12,HRM #3 Haden Rd,29.7647877,-95.1785379,CENTRAL,147,14-Nov-1992,
480391004,84,HOUSTON,12,Manvel Croix Park,29.5204432,-95.3925089,CENTRAL,10,23-Aug-2001,
482011015,"0165, 1015",HOUSTON,12,Lynchburg Ferry,29.7616528,-95.0813861,CENTRAL,145,24-Apr-2003,
481670615,"0615, 1615",HOUSTON,12,Texas City BP 31st Street (Site 1),29.38145,-94.94108,CENTRAL,16,31-Dec-2009,
481670616,"0616, 1616",HOUSTON,12,Texas City BP Onsite (Site 2),29.36886,-94.91544,CENTRAL,16,23-Mar-2010,
481670697,697,HOUSTON,12,UH Coastal Center,29.3879,-95.0414,CENTRAL,11,31-Mar-2010,
482010695,695,HOUSTON,12,UH Moody Tower,29.7176,-95.3414,CENTRAL,11,31-Mar-2010,
482910699,699,HOUSTON,12,UH West Liberty,30.0583,-94.9781,CENTRAL,11,31-Mar-2010,
483390698,698,HOUSTON,12,UH WG Jones Forest,30.2362,-95.4832,CENTRAL,11,31-Mar-2010,
481670621,"0621, 1621",HOUSTON,12,Texas City BP Logan Street (Site 3),29.380981,-94.93022,CENTRAL,16,07-Apr-2010,
482010563,563,HOUSTON,12,Huffman Wolf Road,30.05786,-95.06147,CENTRAL,1,21-Sep-2010,
480391012,1012,HOUSTON,12,Freeport South Avenue I,28.96443,-95.35483,CENTRAL,82,25-May-2011,
481670683,683,HOUSTON,12,Texas City 11th Street,29.3787,-94.91019,CENTRAL,,01-Jan-2010,31-Jul-2016
480391003,11,HOUSTON,12,Clute,29.0108409,-95.397744,CENTRAL,90,01-Jan-1974,
482011050,45,HOUSTON,12,Seabrook Friendship Park,29.5830473,-95.0155437,CENTRAL,13,29-Jul-2001,
482010068,48,HOUSTON,12,Houston Wharton,29.9475484,-95.5428231,CENTRAL,,01-Dec-1993,03-May-2012
480710013,"0096, 0638",HOUSTON,12,Smith Point Hawkins Camp,29.5462437,-94.7869686,CENTRAL,6,06-Sep-2000,
482010061,145,HOUSTON,12,Shore Acres,29.6150008,-95.0181324,CENTRAL,90,28-May-1998,
480391016,1016,HOUSTON,12,Lake Jackson,29.0437592,-95.4729462,CENTRAL,11,10-Jun-2003,
481670005,"0147, 1022",HOUSTON,12,Texas City Ball Park,29.3852338,-94.9315197,CENTRAL,92,20-Oct-1997,
481671034,1034,HOUSTON,12,Galveston 99th Street,29.2544736,-94.8612886,CENTRAL,14,20-Mar-2007,
482010026,"0015, 0115",HOUSTON,12,Channelview,29.8027073,-95.1254948,CENTRAL,58,01-Jan-1980,
482010036,1036,HOUSTON,12,Jacinto Port,29.7761,-95.1051,CENTRAL,90,19-Jul-2006,
482011049,1049,HOUSTON,12,Pasadena North,29.716611,-95.2224669,CENTRAL,180,01-Jul-2008,
482010070,81,HOUSTON,12,Houston Regional Office,29.73512,-95.3156,CENTRAL,,03-May-2000,15-Jun-2012
482011052,1052,HOUSTON,12,Houston North Loop,29.81453,-95.38769,CENTRAL,17,13-Apr-2015,
482010057,"0167, 1667",HOUSTON,12,Galena Park,29.734231,-95.238469,CENTRAL,138,21-Oct-1997,
480390618,618,HOUSTON,12,Danciger,29.144291,-95.756601,CENTRAL,11,01-Jun-2003,
480711606,1606,HOUSTON,12,UH Smith Point,29.545789,-94.781386,CENTRAL,4,15-Apr-2016,
482011054,1054,HOUSTON,12,Houston Hartwick,29.885356,-95.352383,CENTRAL,1,06-Dec-2016,
480391607,1607,HOUSTON,12,Oyster Creek,29.010556,-95.313333,CENTRAL,65,14-Dec-2016,
482010688,688,HOUSTON,12,Pasadena AAMS C0688,&nbsp;,&nbsp;,CENTRAL,,21-Mar-2006,02-Mar-2009
480292002,,SAN ANTONIO,13,Fredericksburg Road,29.627778,-98.608889,CENTRAL,,01-Jan-1964,31-Dec-1969
480910001,,SAN ANTONIO,13,South Seguin Street,29.700278,-98.121111,CENTRAL,,01-Jan-1981,31-Dec-1983
480910002,,SAN ANTONIO,13,North Central Street,29.721389,-98.126944,CENTRAL,,01-Jan-1981,27-Dec-1984
480290032,23,SAN ANTONIO,13,San Antonio Northwest,29.51509,-98.620166,CENTRAL,17,01-Jul-1981,
480290060,,SAN ANTONIO,13,Frank Wing Municipal Court,29.4221832,-98.505381,CENTRAL,1,18-May-2000,
480290051,140,SAN ANTONIO,13,San Antonio Seale,29.4450463,-98.406501,CENTRAL,6,13-Jul-1994,
480290055,678,SAN ANTONIO,13,CPS Pecan Valley,29.4072945,-98.431251,CENTRAL,8,11-Mar-1999,
480290622,622,SAN ANTONIO,13,Heritage Middle School,29.3529047,-98.3328207,CENTRAL,10,29-Jul-2004,
480290053,301,SAN ANTONIO,13,Selma,29.5877408,-98.3125118,CENTRAL,2,06-Oct-1999,
480290676,676,SAN ANTONIO,13,Palo Alto,29.3327898,-98.5513832,CENTRAL,7,01-Aug-2006,
480290677,677,SAN ANTONIO,13,Old Hwy 90,29.4239439,-98.5804991,CENTRAL,91,09-Oct-2006,
480290059,59,SAN ANTONIO,13,Calaveras Lake,29.2753812,-98.3116919,CENTRAL,20,12-May-1998,
484931038,1038,SAN ANTONIO,13,Floresville Hospital Boulevard,29.130675,-98.14806,CENTRAL,58,18-Jul-2013,
480291069,1069,SAN ANTONIO,13,San Antonio Interstate 35,29.5294,-98.39139,CENTRAL,10,08-Jan-2014,
482551070,1070,SAN ANTONIO,13,Karnes County Courthouse,28.885481,-97.901742,CENTRAL,58,17-Dec-2014,
480291052,,SAN ANTONIO,13,San Antonio 99th Street,29.342,-98.472,CENTRAL,,23-Jul-2012,18-Dec-2013
480290052,58,SAN ANTONIO,13,Camp Bullis,29.6320582,-98.5649364,CENTRAL,59,10-Aug-1998,
480291080,1080,SAN ANTONIO,13,San Antonio Gardner Road,29.352911,-98.332814,CENTRAL,8,18-Nov-2016,
481870504,504,SAN ANTONIO,13,New Braunfels Airport,29.7041667,-98.0288889,CENTRAL,1,30-Aug-2002,
480910503,503,SAN ANTONIO,13,Bulverde Elementary,29.7608333,-98.4627778,CENTRAL,1,27-Aug-2002,
480910505,505,SAN ANTONIO,13,City of Garden Ridge,29.6391667,-98.2986111,CENTRAL,1,25-Mar-2003,
481875004,5004,SAN ANTONIO,13,New Braunfels Airport KBAZ,29.7086111,-98.0452778,CENTRAL,13,22-Jan-2003,
480290625,625,SAN ANTONIO,13,Gate 9A CPS,29.2922222,-98.3377778,CENTRAL,1,01-Jun-2005,
480290626,626,SAN ANTONIO,13,Gate 58 CPS,29.3177778,-98.3316667,CENTRAL,1,01-Jun-2005,
480290623,623,SAN ANTONIO,13,Gardner Rd. Gas Sub-Station,29.3319444,-98.3258333,CENTRAL,1,28-Jun-2005,
480290046,27,SAN ANTONIO,13,San Antonio Downtown,29.426944,-98.486389,CENTRAL,,01-Sep-1981,06-Oct-2010
480290001,,SAN ANTONIO,13,Calveras State Park,29.281944,-98.295833,CENTRAL,,01-Jan-1977,31-Dec-1981
480290002,,SAN ANTONIO,13,Camp Bullis - TACB/SAMHD,0,0,CENTRAL,,01-Jan-1981,31-Dec-1982
480290003,,SAN ANTONIO,13,San Antonio,29.641944,-98.418611,CENTRAL,,01-Jan-1968,31-Dec-1969
480290004,,SAN ANTONIO,13,Culebra Road,29.52,-98.802778,CENTRAL,,01-Jan-1968,31-Dec-1969
480290005,,SAN ANTONIO,13,Oak Hills Country Club,29.506111,-98.570278,CENTRAL,,01-Jan-1968,30-Jun-1980
480290006,,SAN ANTONIO,13,Cadillac Drive Water Pump Station,29.571944,-98.525278,CENTRAL,,01-Jan-1968,31-Dec-1969
480290007,,SAN ANTONIO,13,San Antonio City Service Center,29.520833,-98.477778,CENTRAL,,01-Jan-1968,31-Dec-1969
480290008,,SAN ANTONIO,13,Newport,29.520833,-98.477778,CENTRAL,,01-Jan-1968,31-Dec-1974
480290009,,SAN ANTONIO,13,SARA Sewage Treatment Plant,29.511111,-98.291944,CENTRAL,,01-Jan-1968,31-Dec-1969
480290011,,SAN ANTONIO,13,Lackland City Spring,29.385556,-98.638333,CENTRAL,,01-Jan-1968,31-Dec-1969
480290012,,SAN ANTONIO,13,Hwy 90 Water Pump Station,29.423611,-98.579167,CENTRAL,,01-Jan-1968,31-Dec-1969
480290013,,SAN ANTONIO,13,Edison Dr Water Pump Station,29.470833,-98.519444,CENTRAL,,01-Jan-1968,31-Dec-1969
480290014,,SAN ANTONIO,13,Helotes Park Estates,29.561667,-98.68,CENTRAL,,01-Jan-1968,31-Dec-1969
480290015,,SAN ANTONIO,13,Seale Road Water Pump Station,29.444444,-98.413056,CENTRAL,,01-Jan-1968,31-Dec-1969
480290017,,SAN ANTONIO,13,Bexar Metro Water,29.3275,-98.5375,CENTRAL,,01-Jan-1968,31-Dec-1969
480290018,,SAN ANTONIO,13,New Braunfels Rd City Service Center,29.3525,-98.453889,CENTRAL,,01-Jan-1968,31-Dec-1969
480290019,,SAN ANTONIO,13,Beck Road,29.365,-98.318056,CENTRAL,,01-Jan-1968,31-Dec-1969
480290020,,SAN ANTONIO,13,Somerset Water Pump Station,29.225556,-98.666667,CENTRAL,,01-Jan-1968,31-Dec-1969
480290021,,SAN ANTONIO,13,Braunig Lake Power Plant,29.266667,-98.386111,CENTRAL,,01-Jan-1968,31-Dec-1973
480290022,,SAN ANTONIO,13,San Antonio International Airport,29.527778,-98.474444,CENTRAL,,01-Jan-1969,31-Dec-1983
480290023,,SAN ANTONIO,13,Hills and Dales Water Company,29.59,-98.641111,CENTRAL,,01-Jan-1973,31-Dec-1973
480290024,,SAN ANTONIO,13,Flagle Street Water Pump Station,29.4375,-98.564444,CENTRAL,,01-Jan-1971,01-Jan-1981
480290026,,SAN ANTONIO,13,Southcross,29.367778,-98.543611,CENTRAL,,01-Jan-1971,30-Jun-1980
480290027,,SAN ANTONIO,13,Gembler Fire Station,29.435,-98.416111,CENTRAL,,01-Jan-1971,30-Jun-1980
480290029,,SAN ANTONIO,13,Walzem Pump Station,29.508333,-98.403333,CENTRAL,,01-Jan-1971,01-Jan-1973
480290033,,SAN ANTONIO,13,New Braunfels Road,29.359444,-98.448889,CENTRAL,,01-Jan-1972,30-Jun-1980
480290035,,SAN ANTONIO,13,EPA-480290035,29.44,-98.824722,CENTRAL,,01-Jan-1973,31-Dec-1976
480290037,,SAN ANTONIO,13,Flagle Street,29.4375,-98.564444,CENTRAL,,01-Jan-1975,31-Dec-1976
480290038,,SAN ANTONIO,13,West Southcross,29.370278,-98.545833,CENTRAL,,01-Jan-1975,31-Dec-1980
480290039,,SAN ANTONIO,13,Gembler,29.435,-98.4125,CENTRAL,,01-Jan-1975,01-Jan-1979
480290040,,SAN ANTONIO,13,South New Braunfels,29.361944,-98.447222,CENTRAL,,05-Jan-1974,31-Dec-1988
480290041,,SAN ANTONIO,13,Salinas and Camaron,29.429167,-98.493889,CENTRAL,,01-Jan-1977,31-Dec-1981
480290044,,SAN ANTONIO,13,International Airport Loop,29.518889,-98.473056,CENTRAL,,01-Jan-1984,10-Jan-1990
480290045,,SAN ANTONIO,13,Kings Mountain,29.588889,-98.358333,CENTRAL,,01-Jan-1980,31-Dec-1985
480290047,,SAN ANTONIO,13,Espada Road,29.316667,-98.45,CENTRAL,,01-Jan-1982,30-Jun-1983
480290048,,SAN ANTONIO,13,Culebra Road 2,29.440278,-98.6125,CENTRAL,,01-Jan-1983,31-Dec-1987
480291001,,SAN ANTONIO,13,Brooks Army Hospital,29.466389,-98.448333,CENTRAL,,01-Jan-1981,31-Dec-1982
480291002,,SAN ANTONIO,13,Winans Road,29.473611,-98.431944,CENTRAL,,01-Jul-1982,31-Dec-1988
480292001,,SAN ANTONIO,13,USEPA-480292001,29.423333,-98.498611,CENTRAL,,01-Jan-1957,31-Dec-1981
480290501,501,SAN ANTONIO,13,Elm Creek Elementary,29.276667,-98.724444,CENTRAL,8,17-Jun-2002,
480290502,502,SAN ANTONIO,13,Fair Oaks Ranch,29.73,-98.625556,CENTRAL,8,27-Jun-2002,
481870506,506,SAN ANTONIO,13,Seguin Outdoor Learning Center,29.588611,-97.932222,CENTRAL,1,26-Mar-2003,
480290042,,SAN ANTONIO,13,East Kelly AFB,29.372778,-98.54,CENTRAL,,01-Jan-1979,30-Dec-1996
480290050,,SAN ANTONIO,13,IH-410 San Antonio International Airport,29.530278,-98.478333,CENTRAL,,01-Jan-1971,30-Dec-1996
480290036,7,SAN ANTONIO,13,San Antonio North,29.504722,-98.538889,CENTRAL,,01-Sep-1972,11-Aug-1998
480290034,,SAN ANTONIO,13,NW of Bowie &amp; Durange Streets Intersection,29.415278,-98.484722,CENTRAL,,01-Jan-1972,07-Oct-1999
480570001,,CORPUS CHRISTI,14,City Swimming Pool,28.675,-96.566667,CENTRAL,,01-Jan-1971,31-Dec-1980
484690609,609,CORPUS CHRISTI,14,Inez,28.89962,-96.78513,CENTRAL,10,09-Jul-2010,
481750624,624,CORPUS CHRISTI,14,Coleto,28.720926,-97.220882,CENTRAL,7,10-Jul-2010,
484690003,87,CORPUS CHRISTI,14,Victoria,28.8361697,-97.0055298,CENTRAL,8,01-Apr-1989,
483550025,4,CORPUS CHRISTI,14,Corpus Christi West,27.7653399,-97.4342619,CENTRAL,9,01-Jan-1981,
483550026,21,CORPUS CHRISTI,14,Corpus Christi Tuloso,27.8324089,-97.5553798,CENTRAL,8,01-Jan-1984,
483550034,"0199, 0635",CORPUS CHRISTI,14,Dona Park,27.8118166,-97.4657031,CENTRAL,270,31-Jan-2001,
482730314,314,CORPUS CHRISTI,14,National Seashore,27.4269813,-97.2986922,CENTRAL,7,25-Oct-2002,
483551024,1024,CORPUS CHRISTI,14,Williams Park,27.8038056,-97.4137626,CENTRAL,7,08-Aug-2005,
483550029,"0168, 0170, 0195",CORPUS CHRISTI,14,Corpus Christi Hillcrest,27.8075444,-97.419258,CENTRAL,176,01-Nov-1994,
483550083,83,CORPUS CHRISTI,14,Corpus Christi Palm,27.8028877,-97.4198783,CENTRAL,55,18-May-2010,
483550032,"0098, 0149, 0155",CORPUS CHRISTI,14,Corpus Christi Huisache,27.8045054,-97.4315816,CENTRAL,106,06-Aug-1997,
481231602,1602,CORPUS CHRISTI,14,Cuero,29.134779,-97.276575,CENTRAL,10,15-Apr-2014,
484090687,687,CORPUS CHRISTI,14,Taft-SEP,27.923333,-97.408611,CENTRAL,,07-May-2007,30-May-2016
484690004,602,CORPUS CHRISTI,14,Victoria Rabbit Run C602,28.7513889,-96.8536111,CENTRAL,,19-Jul-2000,23-Feb-2006
483550036,629,CORPUS CHRISTI,14,Port Grain Elevator,27.8175,-97.4197222,CENTRAL,,01-Dec-2004,23-May-2016
483550037,630,CORPUS CHRISTI,14,J.I Hailey,27.8244444,-97.4325,CENTRAL,,30-Nov-2004,23-May-2016
483550038,631,CORPUS CHRISTI,14,Inner Harbor,27.8452778,-97.5255556,CENTRAL,,29-Nov-2004,15-May-2012
483550039,632,CORPUS CHRISTI,14,FHR Easement,27.8272222,-97.5288889,CENTRAL,,29-Nov-2004,23-May-2016
483550035,634,CORPUS CHRISTI,14,Oak Park,27.798889,-97.433889,CENTRAL,,02-Dec-2004,23-May-2016
480250641,641,CORPUS CHRISTI,14,Beeville,28.359722,-97.79,CENTRAL,,26-Jul-2005,18-Oct-2006
482850649,649,CORPUS CHRISTI,14,Halletsville,29.447222,-96.9325,CENTRAL,,29-Aug-2005,07-Nov-2006
480570657,657,CORPUS CHRISTI,14,Port O Connor,28.434167,-96.454722,CENTRAL,,03-Oct-2005,30-Jul-2007
484090659,659,CORPUS CHRISTI,14,Aransas Pass,27.886667,-97.148611,CENTRAL,,22-Jan-2006,30-May-2016
483550660,660,CORPUS CHRISTI,14,Holly Road,27.703056,-97.3875,CENTRAL,8,18-Jan-2006,
483550664,664,CORPUS CHRISTI,14,Violet,27.757778,-97.619444,CENTRAL,8,12-Jan-2006,
483550041,633,CORPUS CHRISTI,14,Solar Estates,27.8291667,-97.5436111,CENTRAL,55,01-Dec-2004,
480250001,,CORPUS CHRISTI,14,AC Jones High School,28.418889,-97.7525,CENTRAL,,01-Jan-1975,30-Jun-1980
484090685,685,CORPUS CHRISTI,14,Ingleside,27.901667,-97.249167,CENTRAL,8,29-Jun-2007,
484090686,686,CORPUS CHRISTI,14,Odem-SEP,27.924722,-97.538056,CENTRAL,,11-Dec-2006,30-May-2016
483550020,121,CORPUS CHRISTI,14,NAVIGATION,27.806944,-97.454167,CENTRAL,,01-Jan-1973,30-Sep-2002
483550030,164,CORPUS CHRISTI,14,CORPUS CHRISTI POTH,27.807778,-97.434444,CENTRAL,,22-Jul-1993,04-Oct-1998
483550012,,CORPUS CHRISTI,14,Corpus Christi Fire Station #5,27.796667,-97.426944,CENTRAL,,01-Jan-1971,30-Dec-1996
483550001,,CORPUS CHRISTI,14,Morgan Street,27.777222,-97.423611,CENTRAL,,01-Jan-1957,31-Dec-1988
483550002,,CORPUS CHRISTI,14,Upper River Road,27.833889,-97.539444,CENTRAL,,01-Jan-1964,31-Dec-1969
483550003,,CORPUS CHRISTI,14,Corpus Christi Fire Station #7,27.737778,-97.3875,CENTRAL,,01-Jan-1969,26-Jun-1988
483550004,,CORPUS CHRISTI,14,Bulk Materials Dock,27.818889,-97.455556,CENTRAL,,01-Jan-1969,01-Jul-1978
483550005,,CORPUS CHRISTI,14,US Weather Bureau,27.774722,-97.501389,CENTRAL,,01-Jan-1970,30-Jul-1984
483550006,,CORPUS CHRISTI,14,Holly Road Water Pump House,27.704167,-97.391667,CENTRAL,,01-Jan-1971,31-Dec-1971
483550007,,CORPUS CHRISTI,14,Kostoryz Fire Station,27.727778,-97.413889,CENTRAL,,01-Jan-1971,31-Dec-1979
483550008,,CORPUS CHRISTI,14,Louisiana Fire Station,27.766667,-97.395833,CENTRAL,,01-Jan-1971,31-Dec-1979
483550009,,CORPUS CHRISTI,14,South Caranchua Fire Station,27.788056,-97.397778,CENTRAL,,01-Jan-1971,31-Dec-1974
483550010,,CORPUS CHRISTI,14,La Retama Library,27.797778,-97.393889,CENTRAL,,01-Jan-1971,31-Dec-1971
483550011,,CORPUS CHRISTI,14,Horne Road Fire Station,27.759722,-97.431944,CENTRAL,,01-Jan-1971,31-Dec-1979
483550013,,CORPUS CHRISTI,14,Navigation Boulevard Fire Station,27.814722,-97.395833,CENTRAL,,01-Jan-1971,31-Dec-1979
483550014,,CORPUS CHRISTI,14,Flour Bluff Health Department Annex,27.661389,-97.269444,CENTRAL,,01-Jan-1971,31-Dec-1971
483550015,,CORPUS CHRISTI,14,Rand Morgan Road Fire Station,27.819722,-97.547222,CENTRAL,,01-Jan-1971,30-Jul-1984
483550016,,CORPUS CHRISTI,14,Cantwell Lane,27.820833,-97.434722,CENTRAL,,01-Jan-1970,31-Dec-1978
483550017,,CORPUS CHRISTI,14,Pipe Line Sign Navigation Boulevard,27.825,-97.429167,CENTRAL,,01-Jan-1973,31-Dec-1976
483550019,,CORPUS CHRISTI,14,Old Galveston Road,27.789444,-97.433333,CENTRAL,,01-Jan-1973,31-Dec-1981
483550021,,CORPUS CHRISTI,14,Horne Road,27.757778,-97.428611,CENTRAL,,01-Jan-1977,31-Dec-1979
483550022,,CORPUS CHRISTI,14,West Guth Park,27.833889,-97.5525,CENTRAL,,01-Jan-1977,31-Dec-1981
483550023,,CORPUS CHRISTI,14,Navigation Blvd,27.824722,-97.445556,CENTRAL,,01-Jan-1980,31-Dec-1988
483550024,,CORPUS CHRISTI,14,Leopard Street,27.847222,-97.5875,CENTRAL,,01-Jan-1980,30-Jun-1988
484090001,,CORPUS CHRISTI,14,SFA Elementary,27.923611,-97.291667,CENTRAL,,01-Jan-1977,31-Dec-1979
484090002,,CORPUS CHRISTI,14,Odem,27.940556,-97.588889,CENTRAL,,01-Jan-1981,01-Jan-1985
484690001,,CORPUS CHRISTI,14,Victoria Water Treatment Plant,28.820556,-96.984444,CENTRAL,,01-Jan-1975,01-Jan-1981
480610002,,HARLINGEN,15,Texas Southwest College,25.883056,-97.491944,CENTRAL,,01-Jan-1974,31-Dec-1981
480610003,,HARLINGEN,15,Navigation District Office,25.936944,-97.408611,CENTRAL,,01-Jan-1974,31-Dec-1984
480610005,,HARLINGEN,15,Gladys Porter Zoo 2,0,0,CENTRAL,,01-Jan-1981,31-Dec-1981
480611001,,HARLINGEN,15,St Margaret Ann Catholic Church,26.080833,-97.85,CENTRAL,,01-Jan-1974,31-Dec-1977
480611002,,HARLINGEN,15,Sunshine Strip,26.208056,-97.695,CENTRAL,,01-Jan-1981,31-Dec-1988
480612001,,HARLINGEN,15,Harlingen Water Works,26.206111,-97.718889,CENTRAL,,01-Feb-1961,31-Dec-1988
480613001,,HARLINGEN,15,City Hall,26.075,-97.208333,CENTRAL,,01-Jan-1971,31-Dec-1972
480614001,,HARLINGEN,15,Water Works,26.135,-97.633333,CENTRAL,,01-Jan-1969,31-Dec-1981
480611023,1023,HARLINGEN,15,Harlingen Teege,26.2003347,-97.7126837,CENTRAL,7,09-Oct-2012,
482150043,"0043, 0143",HARLINGEN,15,Mission,26.2262097,-98.291069,CENTRAL,117,01-Jul-1995,
480610006,"0080, 0180",HARLINGEN,15,Brownsville,25.8925176,-97.4938295,CENTRAL,121,01-Jul-1993,
480612004,"0323, 0667",HARLINGEN,15,Isla Blanca Park,26.0696153,-97.1621996,CENTRAL,7,01-Aug-2005,
482151048,1048,HARLINGEN,15,Mercedes,26.1310725,-97.9372883,CENTRAL,,29-Oct-2008,10-Oct-2012
482151046,1046,HARLINGEN,15,Edinburg East Freddy Gonzalez Drive,26.288622,-98.152066,CENTRAL,14,08-Jul-2015,
480612002,,HARLINGEN,15,San Benito,26.1351726,-97.6300394,CENTRAL,,01-Jan-1983,01-Feb-2008
482150042,"0042, 0142",HARLINGEN,15,Edinburg,26.309858,-98.1831011,CENTRAL,,07-Jan-1995,28-Oct-2008
480610004,,HARLINGEN,15,Gladys Porter Zoo,25.912222,-97.493889,CENTRAL,,01-Jan-1976,30-Dec-1996
482150001,,HARLINGEN,15,McAllen Health Department,26.205833,-98.241667,CENTRAL,,01-Jan-1966,31-Dec-1981
482150002,,HARLINGEN,15,Progresso Elementary School,26.088889,-97.966667,CENTRAL,,01-Jan-1974,31-Dec-1981
482150003,,HARLINGEN,15,Runn Elementary School,26.083611,-98.058333,CENTRAL,,01-Jan-1974,31-Dec-1978
482150004,,HARLINGEN,15,KGBT Radio,26.383333,-97.9,CENTRAL,,01-Jan-1974,31-Dec-1979
482151001,,HARLINGEN,15,Texas A&amp;I University,26.165278,-97.958333,CENTRAL,,01-Jan-1974,31-Dec-1981
482151003,,HARLINGEN,15,Bicentennial at Maple,26.2175,-98.235833,CENTRAL,,01-Jan-1981,26-Jun-1988
483230004,"0319, 0655",LAREDO,16,Eagle Pass,28.704607,-100.4511555,CENTRAL,8,01-Jun-2005,
484790016,"0044, 0144",LAREDO,16,Laredo Vidaurri,27.5174485,-99.5152185,CENTRAL,14,15-Feb-1996,
484790017,"0066, 0173",LAREDO,16,Laredo Bridge,27.5018255,-99.5029843,CENTRAL,92,21-Sep-1999,
484655017,5017,LAREDO,16,Del Rio KDRT,29.372778,-100.925833,CENTRAL,13,01-Aug-2005,
484650003,321,LAREDO,16,Lake Amistad,29.470833,-100.997778,CENTRAL,,04-Aug-2004,01-Aug-2005
484790313,313,LAREDO,16,World Trade Bridge,27.599444,-99.533333,CENTRAL,1,13-Aug-2002,
484790015,,LAREDO,16,Laredo Junior College,27.501389,-99.504167,CENTRAL,,05-Apr-1990,18-Nov-1995
483110001,,LAREDO,16,McMullen County Courthouse,28.461944,-98.548611,CENTRAL,,01-Jan-1975,31-Dec-1979
483230003,,LAREDO,16,Maverick County Tax Office,28.683333,-100.5,CENTRAL,,01-Jan-1971,31-Dec-1977
484650002,,LAREDO,16,Del Rio Central Fire Station,29.375,-100.916667,CENTRAL,,01-Jan-1974,31-Dec-1978
484790001,,LAREDO,16,San Bernardo Avenue,27.525,-99.501389,CENTRAL,,01-Jan-1967,31-Dec-1974
484790002,,LAREDO,16,USEPA-484790002,27.509722,-99.517222,CENTRAL,,01-Jan-1967,31-Dec-1972
484790003,,LAREDO,16,Fire Station #1,27.508333,-99.513889,CENTRAL,,01-Jan-1971,31-Dec-1973
484790004,,LAREDO,16,Guadelupe,27.508611,-99.480556,CENTRAL,,01-Jan-1971,31-Dec-1972
484790005,,LAREDO,16,Beulah Masterson School,27.416944,-99.479167,CENTRAL,,01-Jan-1971,31-Dec-1973
484790006,,LAREDO,16,Saint Joseph Academy,27.5125,-99.495833,CENTRAL,,01-Jan-1971,31-Dec-1972
484790007,,LAREDO,16,Highway Department,27.559722,-99.500278,CENTRAL,,01-Jan-1971,31-Dec-1972
484790008,,LAREDO,16,Faria School,27.538889,-99.511111,CENTRAL,,01-Jan-1971,31-Dec-1972
484790009,,LAREDO,16,Fort McIntosh,27.507222,-99.506944,CENTRAL,,01-Jan-1971,31-Dec-1972
484790010,,LAREDO,16,New Health Building,27.519444,-99.494444,CENTRAL,,01-Jan-1971,31-Dec-1972
484790011,,LAREDO,16,Fire Station #5,27.519444,-99.473611,CENTRAL,,01-Jan-1971,31-Dec-1972
484790012,,LAREDO,16,Old Health Building,27.500278,-99.466944,CENTRAL,,01-Jan-1971,31-Dec-1972
484790013,,LAREDO,16,North Highway Department,27.558333,-99.500278,CENTRAL,,01-Jan-1976,31-Dec-1981
484790014,,LAREDO,16,Cedar Street,27.519722,-99.49,CENTRAL,,01-Jan-1983,29-May-1989
800060001,,,,NE of Ave De La Industria &amp; Thomas Fernandez Intersection,31.718611,-106.396111,CENTRAL,,04-Jun-1990,31-Dec-1998
800060002,,,,Pestalozzi,31.731389,-106.428889,CENTRAL,,04-Jun-1990,18-Jun-2007
800060003,,,,Zenco,31.638056,-106.443056,CENTRAL,,04-Jun-1990,30-Jun-2009
800060010,,,,Presidentia Municipal/City Hall,29.5311,-104.4153,CENTRAL,,17-Nov-2003,23-Feb-2004
800060005,,,,Benito Juarez Police Station,31.654,-106.3545,CENTRAL,1,01-Jul-2010,
800060006,662,,,CD Juarez 20 30 Club,31.735556,-106.459722,MOUNTAIN,10,22-Jul-1996,
800060007,663,,,CD Juarez Delphi,31.712222,-106.395278,MOUNTAIN,10,28-Feb-1995,
800060011,,,,Ninez Mexicana Juarez,31.66127,-106.4542,CENTRAL,1,12-Aug-2010,
800060004,661,,,CD Juarez Advance,31.689722,-106.459722,MOUNTAIN,10,04-Jun-1990,